obs,rets,rv,bv
"2003-02-07",-1.07087562000228,1.27737732095806,1.3109971714155
"2003-02-10",0.751892272359012,1.58847483823545,1.09230790374406
"2003-02-11",-0.820636960921206,0.976481474753626,0.739008777005851
"2003-02-12",-1.2602148132606,0.94323479702231,0.976222752617398
"2003-02-13",-0.188328578873964,2.1826194503275,1.50470395450863
"2003-02-14",2.10511140730976,1.76648950616859,1.90181062886748
"2003-02-18",1.97713700730855,1.60574893310071,0.845789344745361
"2003-02-19",-0.735965202861699,0.693776408938859,0.65095228435797
"2003-02-20",-0.945563228374091,0.782495739744983,0.583191744506591
"2003-02-21",1.39674864876191,1.60559810008351,1.27527522636834
"2003-02-24",-1.91553946290277,0.783211732153753,0.694556528412713
"2003-02-25",0.726509918995433,2.33106349876209,1.7722689682355
"2003-02-26",-1.35916029476109,1.27945252201394,0.97140276419447
"2003-02-27",1.17892307294696,1.4649834207919,1.43226636809724
"2003-02-28",0.523102864015534,0.97694948262806,0.966611697733957
"2003-03-03",-0.813837262376538,1.25851551479036,0.88592158958101
"2003-03-04",-1.50418713017437,0.604255289822746,0.47937523132452
"2003-03-05",0.904501398888868,1.20475939666775,1.01354175187051
"2003-03-06",-0.892338760067801,1.50471281140047,0.907609199307538
"2003-03-07",0.780175013376816,1.83697476328847,2.06069773526443
"2003-03-10",-2.58786344566273,0.819442287261855,0.587507930702109
"2003-03-11",-0.866893896316956,1.61860997235448,1.41913949337631
"2003-03-12",0.411374444183377,1.60800779797989,1.94897535455426
"2003-03-13",3.42759342131815,3.20965416696928,1.7143542198886
"2003-03-14",0.127342640946893,2.7494845624113,2.56326886680343
"2003-03-17",3.50942177614053,4.14961142757188,3.35525952354087
"2003-03-18",0.39796443083091,1.57444567850952,1.51813896119469
"2003-03-19",0.894248554140908,1.19903501585612,1.22611672284256
"2003-03-20",0.192057127421119,2.10074214315043,1.92168425705558
"2003-03-21",2.25291978694369,1.5779226445967,1.36014948240115
"2003-03-24",-3.54263730878746,3.36002484756583,1.40508427773439
"2003-03-25",1.19030541623264,1.42761571629691,1.31039043634457
"2003-03-26",-0.530724140749239,1.18465062839252,0.832515442800416
"2003-03-27",-0.199030225098262,1.5878434792517,0.932862794336376
"2003-03-28",-0.548516055247106,1.31587040508347,0.821851948468778
"2003-03-31",-1.83823764874766,2.91287693132695,1.19195358437736
"2003-04-01",1.24011153700456,1.6051084817757,1.17230353859434
"2003-04-02",2.58724331134168,4.15230537208846,1.24833162056203
"2003-04-03",-0.544073460127414,0.59231856101809,0.635040469804013
"2003-04-04",0.281512144472629,1.22186111954728,1.5271602919769
"2003-04-07",0.12966187369523,3.98324549638428,1.92969857706808
"2003-04-08",-0.180890508206399,1.44769747568251,1.10291972725852
"2003-04-09",-1.41166403033237,2.32256501831133,1.74721040097403
"2003-04-10",0.654985218797943,0.66432942325753,0.563243055639007
"2003-04-11",-0.364374501549758,2.25318715212401,1.27453469058196
"2003-04-14",1.89804037225185,0.686817095545592,0.639470016847441
"2003-04-15",0.646464167573058,0.649714534335664,0.603623801940885
"2003-04-16",-1.23119488648635,1.26730018135556,0.937565376168206
"2003-04-17",1.53831836950493,0.609779819556476,0.432536814942711
"2003-04-21",-0.160169388132125,1.12330324956251,0.967178174896705
"2003-04-22",1.98995529401103,1.03199674245647,0.696512005385144
"2003-04-23",0.971072521547889,0.621921601488955,0.612826629414378
"2003-04-24",-0.62004870835759,0.796044739974904,0.599594603414822
"2003-04-25",-1.62389796010389,0.751563992173627,0.47489768744118
"2003-04-28",1.79894887896461,0.861835053579311,0.585503726728438
"2003-04-29",0.351363804409388,1.03747448636017,0.99960278488985
"2003-04-30",-0.224643228133647,1.19268395135695,0.810484495374999
"2003-05-01",0.0141914425840106,1.23858035863753,0.86388038414407
"2003-05-02",1.48760835349844,1.05051734656703,0.984879704587317
"2003-05-05",-0.364165677462491,0.647073591404091,0.797369085164541
"2003-05-06",0.853374051313516,1.02850850149688,0.893993989404224
"2003-05-07",-0.529008085021765,0.922376795497866,0.795139883611078
"2003-05-08",-1.01973838649423,1.35538297303748,0.721998130257319
"2003-05-09",1.42774006911255,0.525259752440004,0.36977685562266
"2003-05-12",1.23739705521597,0.671489173485811,0.541410882841474
"2003-05-13",-0.284033893460478,0.747704460617268,0.657688947636445
"2003-05-14",-0.306132449930363,0.639698138558138,0.582831432829141
"2003-05-15",0.767806942905214,0.813730854898206,0.452962972766395
"2003-05-16",-0.241160223920023,0.691742728755288,0.481885819827258
"2003-05-19",-2.52556278032117,0.771200754921203,0.527428399610115
"2003-05-20",-0.0847503717810838,0.99461364749658,0.9964574397402
"2003-05-21",0.354820005609735,1.46867414039663,1.04552914500221
"2003-05-22",0.939004403774923,0.714643197874176,0.651639375265518
"2003-05-23",0.111532945950454,0.413151503931987,0.316554575231301
"2003-05-27",1.96874510132874,1.00563279690471,0.557588910410041
"2003-05-28",0.197381608907943,0.809955427935439,0.622599463179943
"2003-05-29",-0.440443677804314,0.931908138126975,0.846461091633384
"2003-05-30",1.52639604694391,0.632890429948257,0.558457154709479
"2003-06-02",0.306640662940971,1.04764978348648,0.787777730971102
"2003-06-03",0.482913271318353,0.722951313032705,0.799801138799323
"2003-06-04",1.48258336495513,0.686156802534537,0.643162148590411
"2003-06-05",0.392748832127321,1.11420189010665,0.850596282057043
"2003-06-06",-0.257947188013663,2.6258405251095,1.68383628478982
"2003-06-09",-1.1665058540193,0.778554362228224,0.514462266229133
"2003-06-10",0.899767358062675,0.912005992686281,0.550438832696782
"2003-06-11",1.26548200199039,0.604509615949138,0.567764623883849
"2003-06-12",0.150306653813903,0.998653090573908,0.760815744276247
"2003-06-13",-1.0376972101426,0.744371394232237,0.603385415749359
"2003-06-16",2.17468403093468,0.944614353700685,0.672109697758057
"2003-06-17",0.114770817280174,0.553320201273262,0.562657235665318
"2003-06-18",-0.150416146634313,0.739602716501177,0.571655626165852
"2003-06-19",-1.52377628362332,0.991037845445141,0.680993735284272
"2003-06-20",0.131637804077656,0.67197260023366,0.401559577125504
"2003-06-23",-1.44846511572005,0.698766646779845,0.509519713827456
"2003-06-24",0.2310139686589,0.472914178058397,0.608612759902916
"2003-06-25",-0.799110233467104,0.924171351679122,1.12797927376249
"2003-06-26",1.00220547367398,0.469247255382608,0.672423233691807
"2003-06-27",-0.965324384034449,0.748158662451608,0.580159793994556
"2003-06-30",-0.145554465108155,0.969346383941208,0.612057299742602
"2003-07-01",0.758245166481952,1.49212883436882,1.01730349168331
"2003-07-02",1.10857462456506,0.621981094638157,0.415083256655718
"2003-07-03",-0.762027801391163,1.04126991185241,0.913941317235867
"2003-07-07",1.86043930552922,1.83879228785958,0.905779946912695
"2003-07-08",0.339987602827119,0.550107093323343,0.582534648205271
"2003-07-09",-0.536354383262783,0.688436238404358,0.639737757852628
"2003-07-10",-1.3581596640849,0.99673443173422,0.623040187605549
"2003-07-11",0.962262080231646,0.625384013398643,0.607894386266289
"2003-07-14",0.565373942594594,1.56380716329754,0.685991011702239
"2003-07-15",-0.373227852493851,1.20739882679533,0.938345824866886
"2003-07-16",-0.621805232822936,0.675981267727589,0.477316557795512
"2003-07-17",-1.21458983021085,1.16951066933229,0.749770729272299
"2003-07-18",1.07062306870835,0.843638078010195,0.543019093655477
"2003-07-21",-1.41336863028885,0.56619233945084,0.489325709807717
"2003-07-22",0.938725740456903,0.857902422396065,0.71418141169178
"2003-07-23",0.0728575363882378,0.43237478458704,0.423970054535705
"2003-07-24",-0.712635492463676,1.2976924407308,0.702678463119283
"2003-07-25",1.72310090916623,0.911265577413763,0.663803176839399
"2003-07-28",-0.196461748150245,0.911742714465441,0.757630981804296
"2003-07-29",-0.746253331001068,1.22868498889516,0.927163439633181
"2003-07-30",-0.182119925686486,0.440008768483364,0.457803769046021
"2003-07-31",0.259925607405087,1.66182518017633,1.51302410345017
"2003-08-01",-1.01214514195398,0.664902987290606,0.74055260523472
"2003-08-04",0.272061875890195,1.2687775791797,1.18338126860499
"2003-08-05",-1.78954791846033,1.05918598502263,1.07271719551329
"2003-08-06",0.190432878232549,1.19592128969473,0.963367433301782
"2003-08-07",0.712964075104683,0.568653902088511,0.604488563393751
"2003-08-08",0.377088263209657,0.656600168734125,0.443082280799223
"2003-08-11",0.278826251390552,0.608849751069744,0.467508251078361
"2003-08-12",0.996578099221246,0.634372358884901,0.517969030156577
"2003-08-13",-0.668702276004041,0.457188225366638,0.330584524891952
"2003-08-14",0.668702276004041,0.73586268162246,0.615297138280761
"2003-08-15",0.0383652375273158,0.168471926100257,0.123757588007354
"2003-08-18",0.929379388053686,0.344607758357486,0.250805199754546
"2003-08-19",0.267662904743649,0.470135827893128,0.395210758022936
"2003-08-20",-0.232666229070588,0.291400369441637,0.246549741797792
"2003-08-21",0.313423557700254,0.819534819429476,0.502254674536488
"2003-08-22",-1.07007543662005,0.859845706036951,0.466813994494924
"2003-08-25",0.05840768730625,0.231890665868573,0.390484988055236
"2003-08-26",0.361769445218485,0.729616325500407,0.582287048993331
"2003-08-27",0.0240714924483854,0.16441965213394,0.188046671240744
"2003-08-28",0.623833588605205,0.493076892157014,0.465810645180857
"2003-08-29",0.462358449838263,0.526712318003679,0.468618627771165
"2003-09-02",1.40373574670374,1.0317700583739,0.701931156552341
"2003-09-03",0.372974460879938,0.447084551025985,0.511126053729665
"2003-09-04",0.187912330445084,0.275300251912751,0.287789864567551
"2003-09-05",-0.694989522352429,0.414189650158337,0.393946629382792
"2003-09-08",1.04843598977258,0.468034825832592,0.398718804594056
"2003-09-09",-0.817538714701627,0.532905388325451,0.320269977608026
"2003-09-10",-1.23304184625344,0.337806820118484,0.417593392555379
"2003-09-11",0.537760370004658,0.7275180952809,0.436563221113831
"2003-09-12",0.228043545034495,0.557675182699134,0.485929238157612
"2003-09-15",-0.380690521982086,0.291315275952206,0.283318674606221
"2003-09-16",1.41799153439095,0.351637436470153,0.288043212659728
"2003-09-17",-0.314350900941651,0.261296968649025,0.297193802898634
"2003-09-18",1.30637264992384,0.256109167227866,0.256354461202423
"2003-09-19",-0.30159250090227,0.22524325748212,0.304138914290796
"2003-09-22",-1.34848349672838,1.42762014702838,0.469457253511651
"2003-09-23",0.632786998756973,0.33141945829007,0.459094732691672
"2003-09-24",-1.92734487630375,0.606161199959904,0.541552387970477
"2003-09-25",-0.584326260860468,0.644927426163913,0.716257046122102
"2003-09-26",-0.634891027068818,1.12568313949199,0.828610556524392
"2003-09-29",0.929468432248903,0.657167606361423,0.552145059034951
"2003-09-30",-1.01576443286806,0.911045500134445,1.27023987804622
"2003-10-01",2.1216107361103,0.606977286529061,0.591753052642122
"2003-10-02",0.253241725853659,0.468116022586352,0.587583711369487
"2003-10-03",0.982336711318155,1.64056997747033,0.960484812514652
"2003-10-06",0.390441946743714,0.200993084406162,0.19815320342763
"2003-10-07",0.457286986628436,0.750484000434153,0.526724207103776
"2003-10-08",-0.512418311805352,0.346503656545288,0.268946714571429
"2003-10-09",0.465242822928857,0.936365498056051,0.844657464636848
"2003-10-10",0.0154066884591408,0.234599726547651,0.200437126774552
"2003-10-13",0.641120121402849,0.478738453112678,0.220740636458643
"2003-10-14",0.388616985711021,0.407988942292389,0.269973504565716
"2003-10-15",-0.136369075847753,0.162888487657881,0.0989904347967709
"2003-10-16",0.205912426543531,0.265923544954758,0.230059260601921
"2003-10-17",-1.06366157942777,0.417518396667863,0.430456152345854
"2003-10-20",0.518404478758772,0.316284415881849,0.303343387771185
"2003-10-21",0.138744717664618,0.282335551152035,0.31983532722909
"2003-10-22",-1.46796575523709,1.11797891265148,0.366291539955942
"2003-10-23",0.277131960314936,0.731433253432517,0.527273844436498
"2003-10-24",-0.44028155998177,0.820857907867314,0.542034757024475
"2003-10-27",0.195165588530966,0.49248378152307,0.327278513293851
"2003-10-28",1.47896936007115,0.498620572596093,0.323448956329978
"2003-10-29",0.196698208154444,0.538953804316456,0.347579798382656
"2003-10-30",-0.161340401116838,0.619185454416109,0.406979081428041
"2003-10-31",0.337657703488592,0.357058567259895,0.26681725855982
"2003-11-03",0.812746601299263,0.382429767293506,0.381037495550455
"2003-11-04",-0.527485822315121,0.309804982967214,0.206921149776442
"2003-11-05",-0.130168144290987,0.531407641606669,0.334672489156393
"2003-11-06",0.56410284449333,0.371902203972654,0.354373857160336
"2003-11-07",-0.418743624929885,0.533915118349984,0.447472285136704
"2003-11-10",-0.624734187514164,0.222650328510149,0.211611187773529
"2003-11-11",-0.0496889672051637,0.195402596517922,0.194001850978748
"2003-11-12",1.17349376202016,0.252680473556103,0.204771536278516
"2003-11-13",-0.0217291696060329,0.385291853603615,0.272383458779266
"2003-11-14",-0.787316013171413,0.574289189610462,0.44212139159162
"2003-11-17",-0.654474482835887,0.735314727084071,0.474660144031975
"2003-11-18",-0.879027086823836,0.671355148157701,0.521176137481914
"2003-11-19",0.807108438095927,0.445989454523473,0.306602515730264
"2003-11-20",-0.835156351853517,0.834642352936152,0.542500956686262
"2003-11-21",0.116009293753017,0.543211646798412,0.358371664789568
"2003-11-24",1.62631700812996,0.633169797471684,0.293939153538344
"2003-11-25",0.212707446140659,0.363108991611517,0.271849678998627
"2003-11-26",0.370207729442562,0.290965664083583,0.267667051366586
"2003-11-28",0.00756029334301189,0.0528641649190016,0.060003191753313
"2003-12-01",1.10238742851552,0.378859318955699,0.267413373388577
"2003-12-02",-0.336100153958618,0.234852519466243,0.22584378936371
"2003-12-03",-0.144523613469882,0.555365899904118,0.465266358721978
"2003-12-04",0.50398705259953,0.202125533676179,0.298335974499682
"2003-12-05",-0.801197632360218,0.345556997133654,0.347646369072893
"2003-12-08",0.693681295882609,0.245032046846054,0.233075497689048
"2003-12-09",-0.85676964010748,0.683497688102256,0.531680503410811
"2003-12-10",-0.103836287837478,0.378622164442715,0.243374871464056
"2003-12-11",1.16525498897362,0.317399129170896,0.284593423768232
"2003-12-12",0.275008446877134,0.277921805173105,0.203901043507066
"2003-12-15",-0.551711373624908,0.520643875588422,0.414471687033327
"2003-12-16",0.62429922672278,0.27041522112425,0.321061375725668
"2003-12-17",0.105995249435775,0.294242148391993,0.231342810987095
"2003-12-18",1.1944107890713,0.196313121488979,0.19679938192817
"2003-12-19",-0.0642986418397662,0.388378636671155,0.318607032226165
"2003-12-22",0.390664901460447,0.182684435641355,0.187373786038081
"2003-12-23",0.289718846548404,0.147326737830436,0.125734133417097
"2003-12-24",-0.156179391410749,0.101793152238608,0.0444502677859945
"2003-12-26",0.168955212274557,0.0638685485830239,0.0581014490397879
"2003-12-29",1.17746602485154,0.253692907959669,0.14570142871268
"2003-12-30",0.0108212421088716,0.0941027598526688,0.116980996207232
"2003-12-31",0.106346555562542,0.203151193943154,0.179461756484683
"2004-01-02",-0.219125300153955,0.503576470067102,0.326108217575812
"2004-01-05",1.2291670020768,0.42444789387474,0.184839695147047
"2004-01-06",0.183523887336889,0.201788168670105,0.185799804588629
"2004-01-07",0.226712106173732,0.360888458223116,0.269030944720925
"2004-01-08",0.418288289004742,0.336794972020513,0.297977697950184
"2004-01-09",-0.824065828617293,0.663467090315487,0.510576045807536
"2004-01-14",0.773644990474764,0.178694771844537,0.154117302917089
"2004-01-15",0.162670663214026,0.354716478084714,0.486088831442612
"2004-01-16",0.644538640593062,0.452228660196248,0.239853224433193
"2004-01-20",-0.02194455059783,0.258558055403621,0.21888786319669
"2004-01-21",0.716410007726154,0.358387068605659,0.282722597270992
"2004-01-22",-0.28892041623001,0.422273875789095,0.316980642259679
"2004-01-23",-0.257326053137774,0.35235228293853,0.347483010399725
"2004-01-26",1.22553435515442,0.277890246720343,0.275164957842324
"2004-01-27",-0.955971181570625,0.212235111980939,0.309499242664006
"2004-01-28",-1.35159785576437,0.862622574761295,0.585155457161434
"2004-01-29",0.445509845938385,0.999614172704794,0.83792790145071
"2004-01-30",-0.243723794515294,0.479355897454761,0.506382705744214
"2004-02-02",0.343338127821458,1.11604832024867,0.686203658274396
"2004-02-03",0.0819091030949792,0.309671837139551,0.323647855942428
"2004-02-04",-0.831890508241528,0.485388571348818,0.385475345192584
"2004-02-05",0.215487701714423,0.381494938472134,0.419115765645303
"2004-02-06",1.21327801504263,0.484000483433405,0.360626321409674
"2004-02-09",-0.283949185130528,0.146826285076485,0.147841160845365
"2004-02-10",0.5059888938173,0.287101467256083,0.215987030978583
"2004-02-11",1.05016795689998,0.473418574170291,0.461210294083739
"2004-02-12",-0.456410227060733,0.192261243010564,0.135741014537341
"2004-02-13",-0.510837899830729,0.484392608945976,0.397475745758765
"2004-02-17",0.916254396286575,0.290310261003549,0.223975360008704
"2004-02-18",-0.424515045024165,0.171669343695231,0.192395406666924
"2004-02-19",-0.411503523406953,0.613571628796732,0.320876637508562
"2004-02-20",-0.200710407452753,0.433283378330688,0.372016771534581
"2004-02-23",-0.352653798163249,0.343257176848367,0.217836074282868
"2004-02-24",-0.0982292503930893,0.461341863977689,0.382173042993356
"2004-02-25",0.377479570829387,0.187658417030519,0.177429517528024
"2004-02-26",0.0847587267029937,0.196509610498989,0.161183795199601
"2004-02-27",0.0305654167791047,0.397117265445273,0.292721951012165
"2004-03-01",0.899665762126922,0.32387257810282,0.216416164154772
"2004-03-02",-0.541437690916258,0.339120139710211,0.311814398902548
"2004-03-03",0.139109893148071,0.254191104419925,0.238944779170115
"2004-03-04",0.327880522043156,0.138689500049826,0.104750070326859
"2004-03-05",0.215398938813038,0.972983697723676,0.712637495126245
"2004-03-08",-0.884443054050088,0.337203697667801,0.25048017047818
"2004-03-09",-0.552502082974993,0.672285869377342,0.545468058528075
"2004-03-10",-1.48369363943583,0.473101592977647,0.375988384275393
"2004-03-11",-1.56295914431315,1.29758162221752,0.958586037785335
"2004-03-12",1.25195847927309,0.727313431265636,0.614784973244057
"2004-03-15",-1.43558834041357,0.853222328454304,0.662641280806887
"2004-03-16",0.580491570797737,0.938722279959709,0.513965329360572
"2004-03-17",1.15630986930499,0.532378962967079,0.265970650863583
"2004-03-18",-0.137126596439519,0.727796713031697,0.676096253636619
"2004-03-19",-1.09392539352804,0.361502706505548,0.356227644541386
"2004-03-22",-1.34312983931846,1.41190430834154,0.723929706797716
"2004-03-23",-0.0694140024949164,0.720046088972646,0.58240559856516
"2004-03-24",-0.27539027189647,0.870903798854058,0.835369794178231
"2004-03-25",1.58879213428627,0.604673364061372,0.269442755746225
"2004-03-26",-0.0126251240135211,0.340429945124857,0.321015839726296
"2004-03-29",1.19945499980343,0.695913052584522,0.283894417945238
"2004-03-30",0.417941847607128,0.274618122839968,0.226912349939742
"2004-03-31",-0.0923303717081048,0.441687166521159,0.300434098326939
"2004-04-01",0.572138661051813,0.339174251846243,0.33978660617819
"2004-04-02",0.806573025562685,0.901487238118181,0.518836079178669
"2004-04-05",0.763612306572803,0.170293576432129,0.126935976286518
"2004-04-06",-0.214095571848727,0.261044669587322,0.15289798847844
"2004-04-07",-0.5845644876457,0.434351276292958,0.270777914694285
"2004-04-08",-0.171911770928457,0.847830138378931,0.343728977035002
"2004-04-12",0.548032922840846,0.166982475779945,0.14246158508001
"2004-04-13",-1.40231324064732,0.376111359416408,0.353067177773323
"2004-04-14",-0.139989036381749,0.72081734959147,0.437418837819483
"2004-04-15",0.0850799891797038,0.568347876821566,0.572930109328492
"2004-04-16",0.466650426573523,0.291421974746371,0.301002091875235
"2004-04-19",0.131294325181663,0.228559630738936,0.225916943206384
"2004-04-20",-1.50832422113281,0.539159844505565,0.384281584439178
"2004-04-21",0.533172921146097,0.617775305073287,0.537571760761232
"2004-04-22",1.4092201847169,0.724904902470681,0.682586840649171
"2004-04-23",0.00964408927668359,0.212786521662586,0.310522614347777
"2004-04-26",-0.461326360225822,0.415085793003615,0.302865233907289
"2004-04-27",0.29812834555365,0.639315607960268,0.501145839564731
"2004-04-28",-1.46306965301211,0.632242438371585,0.373395403968884
"2004-04-29",-0.898657176036366,0.849721108258192,0.853140488479598
"2004-04-30",-0.404517811161753,0.95100784141578,0.855531242286498
"2004-05-03",0.870965854164041,0.543376781189767,0.406630989258324
"2004-05-04",0.208300815097306,1.08302370226551,0.69923251053907
"2004-05-05",0.186476496887256,0.328364562320694,0.34305015941119
"2004-05-06",-0.697720934487567,0.663303172601128,0.462502772866574
"2004-05-07",-1.38928157249936,0.77781518000806,0.927977122586867
"2004-05-10",-1.02649453546846,1.8089313378272,1.19787122505909
"2004-05-11",0.744846573073144,0.431566184680075,0.34403278239586
"2004-05-12",0.17874246699483,1.16560339652715,1.02755832002262
"2004-05-13",-0.118517992138667,0.70015015540028,0.789057605822292
"2004-05-14",-0.064788413353245,0.910499030278037,0.965069260353299
"2004-05-17",-1.06634885510486,1.25653763292988,0.679958929733665
"2004-05-18",0.728953970844426,0.432143238111859,0.205046328101412
"2004-05-19",-0.257697829292081,0.997419892862513,0.346080111449632
"2004-05-20",0.0413130201562417,0.350766005719784,0.40827493620045
"2004-05-21",0.401224362512487,0.548323283776783,0.286418225183256
"2004-05-24",0.150729697160568,0.526819939080111,0.425800610552481
"2004-05-25",1.61985351754383,0.539194657209311,0.415032929914812
"2004-05-26",0.15526072106713,0.252181191333794,0.263992156503616
"2004-05-27",0.544643684456947,0.673323124693404,0.395326711295678
"2004-05-28",0.000891889601906115,0.128320395257506,0.127794684630883
"2004-06-01",0.00089188164729137,0.340766298676,0.311955979882771
"2004-06-02",0.343673545999934,0.295191598770956,0.247263829531544
"2004-06-03",-0.734185594534864,0.359455635627924,0.296406075880809
"2004-06-04",0.515297033486295,0.704177495454713,0.230877331667655
"2004-06-07",1.5617238835107,0.448126378048424,0.175975862058826
"2004-06-08",0.121823511225561,0.248472697112761,0.185130036208817
"2004-06-09",-0.925712549412872,0.16662222391698,0.15944961758521
"2004-06-10",0.447207029143293,0.142836500064008,0.105338010184985
"2004-06-14",-1.01459952804106,0.289624648812679,0.228390997249829
"2004-06-15",0.679602652877964,0.689726935678403,0.383607267301378
"2004-06-16",0.100616949204024,0.147518528125179,0.121105311239329
"2004-06-17",-0.135061791429436,0.17424666660721,0.148019623856972
"2004-06-18",0.235577604680071,0.273100233743662,0.196675271754546
"2004-06-21",-0.383206508407863,0.217861778547426,0.179448172091444
"2004-06-22",0.373512017074606,0.343496046624854,0.24261308747368
"2004-06-23",0.832932217444249,0.200927473186846,0.200111289257871
"2004-06-24",-0.246786217716988,0.16377672329104,0.215922658386709
"2004-06-25",-0.257937869472347,0.177592607178114,0.142537602858313
"2004-06-28",-0.399623794480153,0.409517992712064,0.25823301930028
"2004-06-29",0.244893047803885,0.140985679978938,0.156738073320283
"2004-06-30",0.443331235589728,0.258230773841391,0.276086528561318
"2004-07-01",-1.13905377625585,0.468880411107189,0.44913245708233
"2004-07-02",-0.340794451135729,0.308845049448785,0.270704120669212
"2004-07-06",-0.752248906024722,0.423837871042532,0.296962272079978
"2004-07-07",0.133372141416466,0.204468615181068,0.169257906543887
"2004-07-08",-0.808324711619157,0.412645852440017,0.386954570641923
"2004-07-09",0.338495101741021,0.423345513145837,0.228140858469664
"2004-07-12",0.136513888135514,0.279639217364927,0.252409635400675
"2004-07-13",0.0879168255859319,0.0710511523664213,0.0848297656430161
"2004-07-14",-0.351232142613611,0.632469044817112,0.328533672336402
"2004-07-15",-0.40215014884657,0.232177085507857,0.250299313795814
"2004-07-16",-0.488174755735837,0.415877184403009,0.293687794694365
"2004-07-19",-0.0517647711432367,0.353867625759643,0.403230119306071
"2004-07-20",0.696122554542189,0.436754564001999,0.398879594526818
"2004-07-21",-1.28375663363176,0.736151622780616,0.45665877478372
"2004-07-22",0.198085844128748,0.76010957975415,0.76816569190386
"2004-07-23",-0.963065772305693,0.704156193689984,0.480994362389533
"2004-07-26",-0.174175131466026,0.656545385474008,0.666929770843957
"2004-07-27",0.985745081999401,0.418408142894634,0.355970220587258
"2004-07-28",0.0812522012465067,0.886809368206641,0.684712414805458
"2004-07-29",0.460700240332912,0.469111639098883,0.330071632764231
"2004-07-30",0.0907968392443337,0.315819313098476,0.243081010025545
"2004-08-02",0.430162721204841,0.319638563651355,0.28300321249308
"2004-08-03",-0.661857787079434,0.223532443296331,0.214897680022679
"2004-08-04",-0.0891865878815068,0.521856764804903,0.357224831612715
"2004-08-05",-1.62003717482042,0.571034034251183,0.455975982678823
"2004-08-06",-1.56584705158176,1.02755036045839,0.669863722351922
"2004-08-09",0.14370855002932,0.273582223998881,0.243376406595657
"2004-08-10",1.24894941825833,0.357310364684003,0.240803719756143
"2004-08-11",-0.306361411589329,1.16329177830177,0.513773534977201
"2004-08-12",-1.15305505795771,0.469645846378566,0.417841255625298
"2004-08-13",0.15037879485682,0.519170581812734,0.386864735171209
"2004-08-16",1.37297659203828,0.427018332027687,0.383766196817591
"2004-08-17",0.154581711464097,0.324056539917114,0.26443975743595
"2004-08-18",1.26649120380966,0.415026214693722,0.377230242983957
"2004-08-19",-0.388900817290239,0.316184123306018,0.318328799975555
"2004-08-20",0.688920648479119,0.251662780003337,0.225245843535655
"2004-08-23",-0.218770596989337,0.220018956344922,0.183271562821153
"2004-08-24",0.0310216150150922,0.361094766881138,0.248513389110284
"2004-08-25",0.79234245193831,0.262852438024416,0.241700936340669
"2004-08-26",0.0488612621356133,0.107685307542601,0.141238333727852
"2004-08-27",0.249363169276418,0.0758745925673338,0.0737139381212007
"2004-08-30",-0.799069291311039,0.129550244562523,0.122324044285587
"2004-08-31",0.422979454460037,0.32232804542522,0.197155098608737
"2004-09-01",0.162904809136233,0.360839635085206,0.278484311285042
"2004-09-02",1.13922152794892,0.209520786322038,0.142441612109391
"2004-09-03",-0.377103738258278,0.275621184167449,0.218064639749935
"2004-09-07",0.618205421319207,0.52400266496151,0.207934372234369
"2004-09-08",-0.431715149040812,0.274200296115229,0.22762128347369
"2004-09-09",0.160211262480203,0.279912805363946,0.274786777497352
"2004-09-10",0.508466600110857,0.324693484753729,0.280441637776059
"2004-09-13",0.122714677133917,0.104825993937176,0.168875125318364
"2004-09-14",0.276888028446809,0.159493535696652,0.134162690426124
"2004-09-15",-0.724901888650731,0.258195149591176,0.21459572717602
"2004-09-16",0.295932044686609,0.125994859480909,0.0785113471168564
"2004-09-17",0.452895302981826,0.264926044082893,0.173182841868177
"2004-09-20",-0.563321702547714,0.284233932856359,0.26398233761447
"2004-09-21",0.618239990831793,0.21092799202391,0.138305022570903
"2004-09-22",-1.40633239649448,0.52715220707408,0.244226291748927
"2004-09-23",-0.442833050425584,0.314117324713358,0.250532169856293
"2004-09-24",0.149630458781136,0.177705234017404,0.146517779604676
"2004-09-27",-0.579030998339114,0.192150471785625,0.169664766850207
"2004-09-28",0.581733104631166,0.299911886315925,0.202598134469558
"2004-09-29",0.382062430707908,0.226265977516152,0.259251134575862
"2004-09-30",-0.0206390015045521,0.225632503189907,0.234863425875035
"2004-10-01",1.52296701346479,0.418657503324885,0.266923921254328
"2004-10-04",0.314165954331891,0.368268422043075,0.212802224564204
"2004-10-05",-0.0264366095707125,0.112945329638728,0.204482928690688
"2004-10-06",0.63255763351604,0.182398425227667,0.161762261139186
"2004-10-07",-0.998098360348809,0.210678198310691,0.166521778335395
"2004-10-08",-0.740461330660835,0.319308007495331,0.287002773574031
"2004-10-11",0.224315132066621,0.133715823976492,0.107948245887599
"2004-10-13",-1.01160806204845,0.438116774626109,0.466590132759949
"2004-10-14",-0.904959056119914,0.350862630627968,0.277811120670054
"2004-10-15",0.429590831644422,0.477665371548827,0.397029186483589
"2004-10-18",0.538221213408363,0.454135834391387,0.409566589275418
"2004-10-19",-0.980501710243864,0.385946595107051,0.284028021773885
"2004-10-20",0.0308149654410173,0.454027380659905,0.462413807082392
"2004-10-21",0.256121485415495,0.498343606742152,0.430226662126932
"2004-10-22",-0.977318901813007,0.305470330276139,0.325754064746273
"2004-10-25",-0.0639123509543538,0.394463952466905,0.398859181884839
"2004-10-26",1.43634249701607,0.460687762485682,0.320676257859491
"2004-10-27",1.31387249828974,0.559525618338214,0.467837867114551
"2004-10-28",0.159811101816842,0.446518941462618,0.283524507250178
"2004-10-29",0.201176105745215,0.314331698679202,0.319104558635438
"2004-11-01",0.0902646940518892,0.168266649908038,0.134576489545743
"2004-11-02",-0.00265368131957544,0.365349821936557,0.475337396575358
"2004-11-03",0.917502253861002,2.59482677404431,0.625372763582111
"2004-11-04",1.76535985855057,0.409876515523191,0.328040887708135
"2004-11-05",0.404784045094697,0.419252033843358,0.449050130262588
"2004-11-08",-0.0832293015168517,0.226699096737181,0.18412201952917
"2004-11-09",-0.0369176354584333,0.250154261259923,0.228779974766677
"2004-11-10",-0.11513314614362,0.361448832563168,0.266778830298209
"2004-11-11",0.913967373374724,0.237313037544991,0.16490503815421
"2004-11-12",0.844889066423882,0.182683527735307,0.161215104091895
"2004-11-15",0.0160481783550104,0.302499818591635,0.162909252243676
"2004-11-16",-0.719625748644859,0.198734729242739,0.147224702508341
"2004-11-17",0.53280066313155,0.648387912698569,0.286821532640733
"2004-11-18",0.158950285419035,0.153970881070853,0.168261514785685
"2004-11-19",-1.10945181756774,0.345195270434561,0.322980882612993
"2004-11-22",0.558812957514654,0.230870676654048,0.190451350195834
"2004-11-23",-0.0135924969625556,0.29556735777528,0.21974650628139
"2004-11-24",0.439967309545164,0.211790668027095,0.13745250542779
"2004-11-26",0.0355197730469214,0.0877768638384821,0.0624316884023414
"2004-11-29",-0.34388744905911,0.694869700160909,0.508180024403911
"2004-11-30",-0.356994488739915,0.291869560026748,0.268482007913233
"2004-12-01",1.38512928391821,0.450590701035739,0.227232467262127
"2004-12-02",-0.0352775168287245,0.263776539155566,0.266518519569038
"2004-12-03",0.041995633071501,0.427092273656511,0.448796886311881
"2004-12-06",-0.0621598030901005,0.325809226648555,0.199693809199923
"2004-12-07",-1.09494770173724,0.381355157115994,0.306070933177104
"2004-12-08",0.447538020560412,0.195065425521843,0.174502231828764
"2004-12-09",0.554938508778324,0.44786187216944,0.353826655076364
"2004-12-10",-0.0748802161922413,0.242242701642734,0.252493036740483
"2004-12-13",0.889877921748905,0.335828797651842,0.129892691661232
"2004-12-14",0.413744892913748,0.15142038880894,0.166632022418567
"2004-12-15",0.171820635010711,0.211162317924261,0.184747434747469
"2004-12-16",-0.229991092707404,0.343553841411506,0.25712311806533
"2004-12-17",-0.62036904011249,0.473998025318911,0.367516619574115
"2004-12-20",-0.0903743063778606,0.52701447550262,0.196441546903699
"2004-12-21",0.922487323435561,0.289618148826638,0.158228985220748
"2004-12-22",0.353566459101362,0.18387202944672,0.142027466798913
"2004-12-23",0.0801444295014164,0.0962574304180542,0.108468540843317
"2004-12-27",-0.418781182607386,0.299769384470948,0.12160663830721
"2004-12-28",0.630812596479835,0.15381752778006,0.1132239831984
"2004-12-29",0.0263693523732123,0.0740405356982817,0.056736052449001
"2004-12-30",0.00329568018750948,0.0824773723829818,0.0530092311295715
"2004-12-31",-0.151713817739729,0.121812791468883,0.0693822295830538
"2005-01-03",-0.847719024915516,0.474715557523647,0.326078585020959
"2005-01-04",-1.1230713464065,0.572177834459172,0.397100351512491
"2005-01-05",-0.369293451185371,0.518458948473303,0.390695833207557
"2005-01-06",0.309523353815866,0.290116811940024,0.245538834982911
"2005-01-07",-0.131451461945087,0.351258125984861,0.376799562081501
"2005-01-10",0.325783915621081,0.266335383569893,0.259845107789193
"2005-01-11",-0.555395449798546,0.300699904828313,0.223563789705638
"2005-01-12",0.398949597768805,0.4934959557348,0.50435148657188
"2005-01-13",-0.91241431740734,0.242587969974299,0.242347138677121
"2005-01-14",0.624115501049172,0.252291385782691,0.16097476179136
"2005-01-18",0.940220595994301,0.317804473910059,0.19497527452423
"2005-01-19",-0.956261593440999,0.232938397593989,0.177433097860265
"2005-01-20",-0.738129561566847,0.591529549387424,0.509002484741981
"2005-01-21",-0.655393105643221,0.334230170874888,0.352144895787456
"2005-01-24",-0.325019474256916,0.50362475357667,0.412763300103862
"2005-01-25",0.374665533122887,0.48645659418275,0.320402180549407
"2005-01-26",0.484039207132092,0.311441863276525,0.187423270682799
"2005-01-27",0.0272481885898124,0.271271060664324,0.195169043498574
"2005-01-28",-0.286476958054482,0.295896128262133,0.300002393026311
"2005-01-31",0.840048132518501,0.456028420584712,0.138927031176917
"2005-02-01",0.684318670917605,0.158629234104367,0.146659341243381
"2005-02-02",0.335801789717838,0.228275580822863,0.122824891967943
"2005-02-03",-0.287881084954922,0.224554742541555,0.189793678850975
"2005-02-04",1.09006571444397,0.161814514421185,0.165725878856947
"2005-02-07",-0.0856709207957884,0.0872795369938817,0.110609075716036
"2005-02-08",0.0623890015952533,0.10963218434768,0.096464086265102
"2005-02-09",-0.885397653458586,0.252175323661544,0.166091302198289
"2005-02-10",0.423630116818963,0.213884788887963,0.148335179660503
"2005-02-11",0.732500341065556,0.352046631718025,0.199862551462255
"2005-02-14",0.0381426206946145,0.0534037102920724,0.0883492451460872
"2005-02-15",0.317015193340264,0.163662764428051,0.133679495120688
"2005-02-16",0.00330556657441861,0.206347830475891,0.166803478022123
"2005-02-17",-0.773998314128033,0.242521656472419,0.136350185369223
"2005-02-18",0.0882377481707941,0.160729901945711,0.145374751431343
"2005-02-22",-1.46512942758434,0.435348930308614,0.315286596957206
"2005-02-23",0.580907509982076,0.240277587325455,0.289366029810681
"2005-02-24",0.745170525291439,0.309116528358382,0.266131220217969
"2005-02-25",0.932183432552058,0.20744726354854,0.17318380646565
"2005-02-28",-0.679204135127076,0.312163253437824,0.229162514414714
"2005-03-01",0.602403972797028,0.343496144444129,0.199656747119242
"2005-03-02",-0.0380089904099989,0.563553128391336,0.37850442626841
"2005-03-03",0.026442566074536,0.371336874332226,0.245429485841903
"2005-03-04",0.970218837180514,0.287344618830977,0.240610270458412
"2005-03-07",0.243539781378566,0.151882078710615,0.163643186370552
"2005-03-08",-0.493415997432844,0.245547853055876,0.190220281648477
"2005-03-09",-0.968516602559344,0.401777514805023,0.321465926483621
"2005-03-10",0.13160891708246,0.389080073920583,0.302602689196974
"2005-03-11",-0.704757311331594,0.407778206484887,0.347295906176743
"2005-03-14",0.513494879965393,0.230115469108375,0.198308288163121
"2005-03-15",-0.71028460367728,0.206718234766968,0.224024067846406
"2005-03-16",-0.831445310785117,0.282469825852996,0.305969839836333
"2005-03-17",0.195911154339612,0.268440485016376,0.237500954524607
"2005-03-18",-0.113463983159701,0.33658441845622,0.285648961193838
"2005-03-21",-0.451768647329143,0.321187966868316,0.334179027879162
"2005-03-22",-0.993284450107534,0.539429270752705,0.437739294202184
"2005-03-23",-0.0187719717947843,0.393557220231361,0.343126221950463
"2005-03-24",0.0068265792891431,0.304180519693205,0.167802850219306
"2005-03-28",0.218204841055858,0.270075902726053,0.150568105962164
"2005-03-29",-0.794126471605416,0.273370334245009,0.392958182798726
"2005-03-30",1.39259262373326,0.359313413265626,0.275516411818764
"2005-03-31",-0.100766767350979,0.25285723845437,0.229792147853943
"2005-04-01",-0.648516766732676,0.834366205834336,0.392608878178771
"2005-04-04",0.282702550378922,0.307913759544563,0.228379304298552
"2005-04-05",0.453038417706342,0.312210808258332,0.253913129641646
"2005-04-06",0.20379091854501,0.25685555551074,0.202639731152342
"2005-04-07",0.634078019875339,0.198403414964506,0.155057280306437
"2005-04-08",-0.859032870080512,0.211536160908355,0.188698803847847
"2005-04-11",-0.00169330804666856,0.162147016006022,0.188759893743841
"2005-04-12",0.566502002593516,0.562497258685446,0.468878872607679
"2005-04-13",-1.20352257082956,0.324470131044708,0.325710809987182
"2005-04-14",-0.9623444331889,0.614900984378508,0.518919768221254
"2005-04-15",-1.68396356944074,0.842758644703363,0.8922720085583
"2005-04-18",0.250787665467378,0.550148753016433,0.572225051692931
"2005-04-19",0.611654630877911,0.465497317497733,0.318901876146448
"2005-04-20",-1.32810802572196,0.763181702433925,0.693474652494998
"2005-04-21",1.91190104105132,1.30852966123801,0.638118961777593
"2005-04-22",-0.620230789558018,1.00368665154026,0.651575242174509
"2005-04-25",0.834727945075908,0.388020072125265,0.299182374087169
"2005-04-26",-0.865970893970136,0.48813924546395,0.371845238341271
"2005-04-27",0.400211901222924,0.652515995374401,0.5604466575043
"2005-04-28",-1.16610524023724,0.569269060964581,0.51633524619402
"2005-04-29",1.123734373465,1.00043358178089,0.699487268631183
"2005-05-02",0.528779994679152,0.271535866401383,0.23196701063464
"2005-05-03",-0.0869314544324595,0.869742582878687,0.714779627694404
"2005-05-04",1.18469179279579,0.390531103603102,0.327039809014519
"2005-05-05",-0.204434596784431,0.563066639423573,0.502515530604691
"2005-05-06",-0.152746696365114,0.413676568592724,0.361382684490228
"2005-05-09",0.661354991510432,0.225141664542754,0.18192320294113
"2005-05-10",-1.09097729429948,0.513283075508628,0.313440914368739
"2005-05-11",0.407416213104739,0.422029654488555,0.464174343166114
"2005-05-12",-0.983707363437247,0.660308010079716,0.451786824300043
"2005-05-13",-0.466036042542317,0.815824889748081,0.751363115865813
"2005-05-16",1.02259901282125,0.307062459633635,0.296625404881692
"2005-05-17",0.678809138101677,0.439054961395513,0.319343861871269
"2005-05-18",0.988562522809655,0.448259639817797,0.227803606411983
"2005-05-19",0.478886601230677,0.196567542494691,0.243656405151052
"2005-05-20",-0.154608887196606,0.136961884348793,0.158164870832831
"2005-05-23",0.417064124910649,0.211440176591013,0.171454420072473
"2005-05-24",0.00167481744490772,0.257373146754787,0.272589884187055
"2005-05-25",-0.301919935478878,0.198326192057985,0.186705920806105
"2005-05-26",0.597921623247544,0.24486783638996,0.143664290827126
"2005-05-27",0.0884630849518508,0.0635778669824885,0.0715824553987177
"2005-05-31",-0.591517200759117,0.198544547482731,0.180537230516815
"2005-06-01",0.873076122582805,0.728367613033753,0.432501135342133
"2005-06-02",0.169552140488438,0.110286425519454,0.169370595699633
"2005-06-03",-0.62560859140488,0.206210246379731,0.239123951552469
"2005-06-06",0.0793548078446449,0.130628702256773,0.0911263725264544
"2005-06-07",-0.0167010430189407,0.353751293784552,0.348920770993241
"2005-06-08",-0.214856977094691,0.18687267493539,0.150176398175025
"2005-06-09",0.517547650939854,0.43203846144961,0.335230342910184
"2005-06-10",-0.230061451166197,0.182976535825094,0.160670841453385
"2005-06-13",0.226731004219882,0.390966425153694,0.298457701018367
"2005-06-14",0.256120416750338,0.201046339084243,0.197518364205049
"2005-06-15",0.205751146970456,0.295892321721971,0.233541273353709
"2005-06-16",0.350790464789075,0.174172152613985,0.150039488332924
"2005-06-17",0.508278101113024,0.2488580990902,0.194848047979269
"2005-06-20",-0.0698688548970594,0.287243962914162,0.17019866594872
"2005-06-21",-0.199188496467606,0.201626828671961,0.146305468754806
"2005-06-22",0.0510695792917737,0.283412018548464,0.190186756027205
"2005-06-23",-1.12460296676611,0.345131897520133,0.286142688148294
"2005-06-24",-0.764096378447654,0.258142481472997,0.217841647927935
"2005-06-27",-0.0470058933899509,0.190754665872038,0.215258946872035
"2005-06-28",0.881865729212539,0.173133653859775,0.0934703441788973
"2005-06-29",-0.141577024880668,0.140620365593436,0.180533368120628
"2005-06-30",-0.756242153879327,0.414992775103788,0.176580616331963
"2005-07-01",0.352899630689052,0.367623926860441,0.210146635011484
"2005-07-05",0.820834521953628,0.23911223754264,0.240741567388671
"2005-07-06",-0.82418163423279,0.225145551296621,0.202501207811991
"2005-07-07",0.227348810730721,1.01254516235159,0.469084211206351
"2005-07-08",1.18434940821057,0.218231423368083,0.204978648487165
"2005-07-11",0.616069888732529,0.247847363608918,0.194856997468219
"2005-07-12",0.225244690385473,0.274766873996364,0.195630285304429
"2005-07-13",0.0703361442262462,0.149402099099195,0.151000908200311
"2005-07-14",0.279220324448382,0.696276694758187,0.413765957614814
"2005-07-15",0.0847547460418596,0.127626649555915,0.120100448008977
"2005-07-18",-0.502240717964941,0.126087460998906,0.113103352861384
"2005-07-19",0.652829058327242,0.340068306708879,0.198028833520462
"2005-07-20",0.455267393237069,0.283649599202393,0.275592807131729
"2005-07-21",-0.660449116118933,0.41169593840889,0.44824940836171
"2005-07-22",0.53081571736957,0.231093861316468,0.169359596359699
"2005-07-25",-0.359801725838782,0.212780639786297,0.18948824041823
"2005-07-26",0.203207495938074,0.189990652751611,0.24188369745162
"2005-07-27",0.437523992013045,0.153467007464723,0.167270270193341
"2005-07-28",0.564326484342281,0.180427871255001,0.155328461125268
"2005-07-29",-0.760165376432642,0.162889331198409,0.148541872024888
"2005-08-01",0.0461618832527044,0.190330906924523,0.139002993341479
"2005-08-02",0.713199579729284,0.143628285561616,0.101829076134269
"2005-08-03",0.0747363168890125,0.146048003823365,0.0905007956103718
"2005-08-04",-0.744223233821195,0.138490799288374,0.136716740680226
"2005-08-05",-0.740834386212263,0.209409705401393,0.161199117843425
"2005-08-08",-0.311943939772785,0.273022088738082,0.169839681979789
"2005-08-09",0.727714506446286,0.344435518206867,0.167206269701485
"2005-08-10",-0.188550493102024,0.562378927523518,0.305331351010408
"2005-08-11",0.662417846685148,0.441727091494748,0.307062418143841
"2005-08-12",-0.554282919546178,0.36428531052421,0.286234637021289
"2005-08-15",0.271042461514259,0.197685622802413,0.180049383542065
"2005-08-16",-1.21485391385336,0.29856273370442,0.247821579817637
"2005-08-17",0.0959303471716133,0.214713609504856,0.294587612589423
"2005-08-18",-0.123004271456129,0.35436879160317,0.268124444411672
"2005-08-19",0.0967760530214079,0.171923845744681,0.141971750138217
"2005-08-22",0.15399236357867,0.407466949877533,0.258184125784435
"2005-08-23",-0.318074769741372,0.164918892042169,0.186015618563621
"2005-08-24",-0.659035254563278,0.377178021479886,0.368158020231388
"2005-08-25",0.198991895438905,0.183206984720761,0.14497762625089
"2005-08-26",-0.586550762730997,0.315166459462406,0.279148091688052
"2005-08-29",0.618715578823448,0.283788062671834,0.134223957635913
"2005-08-30",-0.344453366513786,0.502932511003293,0.424464308197047
"2005-08-31",0.959364383020045,0.588949178147236,0.471753331578972
"2005-09-01",0.115490005751617,0.424585151963886,0.450104877199048
"2005-09-02",-0.291848937693739,0.168298847999482,0.224173098606236
"2005-09-06",1.27100306232037,0.522930568376894,0.245501435994994
"2005-09-07",0.211350657458453,0.137846186795881,0.163281724354422
"2005-09-08",-0.350876131320277,0.271395876681651,0.192427186285807
"2005-09-09",0.74243353449619,0.19870726327253,0.161212764765317
"2005-09-12",-0.0499693746494501,0.1250987057334,0.0851883663953129
"2005-09-13",-0.729000068962105,0.287158591524135,0.238784241279893
"2005-09-14",-0.34898086740025,0.21685274488782,0.157910958583002
"2005-09-15",0.0293319647186152,0.30088645304156,0.24481073757126
"2005-09-16",0.833980414805247,0.265797706703413,0.193058672789456
"2005-09-19",-0.549256079474869,0.164499571212381,0.11552621849112
"2005-09-20",-0.75998245673361,0.424601597437599,0.289644307181198
"2005-09-21",-0.959825768116485,0.343524081016459,0.292437258706089
"2005-09-22",0.388494147760454,0.44751633591598,0.492486511523913
"2005-09-23",0.0789986956926114,0.305944917833393,0.269049311364025
"2005-09-26",0.00740292909569007,0.443548184769637,0.244208959678673
"2005-09-27",-0.0131611417480748,0.266024588341026,0.239232336756226
"2005-09-28",0.122496141069117,0.320058218283224,0.242233515076149
"2005-09-29",0.898906351783513,0.433671948700292,0.3745861752665
"2005-09-30",0.0537271163905118,0.154873358986995,0.191080698289829
"2005-10-03",-0.142521514329275,0.293867106252394,0.273525839726197
"2005-10-04",-1.04125365771779,0.393650301484594,0.242225530596145
"2005-10-05",-1.49761152926091,0.567975910020832,0.527777797897371
"2005-10-06",-0.426404154478455,1.34827562745307,1.01878500954644
"2005-10-07",0.412192068329276,0.388244849857862,0.318121885844349
"2005-10-10",-0.724139214648556,0.380484868389448,0.476343075485354
"2005-10-11",-0.224260708429558,0.561770663764677,0.424182133818216
"2005-10-12",-0.599366873666529,0.652514915500861,0.734169665718789
"2005-10-13",-0.0611542890762706,0.802992139605569,0.838995067315323
"2005-10-14",0.833398087942694,0.733831338630664,0.644447022859174
"2005-10-17",0.268420394495017,0.26489822129778,0.214661780402852
"2005-10-18",-0.993125588573118,0.331336298190508,0.274684161836705
"2005-10-19",1.46008904236741,0.931070852726245,0.850106051817561
"2005-10-20",-1.49828792318027,1.05672294964669,0.83973624156254
"2005-10-21",0.154403498814837,0.709257562321312,0.595878699016554
"2005-10-24",1.65204078395016,0.523868794033061,0.46342630399256
"2005-10-25",-0.22872989803826,0.569553689818885,0.424637365115458
"2005-10-26",-0.401120995391047,0.588574681063949,0.674456704215725
"2005-10-27",-1.08324409498168,0.428309333116444,0.327007281173254
"2005-10-28",1.59712586157648,0.785213693355198,0.498877922031908
"2005-10-31",0.73027630771314,0.480343677066319,0.324318918919432
"2005-11-01",-0.339522256033398,0.159480840728945,0.156158715369601
"2005-11-02",1.0027800903643,0.278809187899499,0.302025495043229
"2005-11-03",0.422253519083249,0.409716294175189,0.289096466937037
"2005-11-04",0.0024592885280228,0.335837167465995,0.315624386089979
"2005-11-07",0.236628362515923,0.227979368086752,0.220536532707453
"2005-11-08",-0.340791194008272,0.28145088289289,0.165829793393172
"2005-11-09",0.14104490353537,0.262911618582425,0.243286457367075
"2005-11-10",0.87786418493172,0.440924877324326,0.325641908363621
"2005-11-11",0.274987295936402,0.0411834700305848,0.0647267269231873
"2005-11-14",-0.0534781036122034,0.15850464232929,0.149034727235687
"2005-11-15",-0.406882634570049,0.237044964794729,0.261419742693765
"2005-11-16",0.206490708125795,0.203925483913925,0.175665466019117
"2005-11-17",0.901435050839883,0.249680408083179,0.176889206684072
"2005-11-18",0.45369760437648,0.313829044854265,0.226751964667862
"2005-11-21",0.535358849567213,0.188182277324324,0.170691717119212
"2005-11-22",0.478591535676731,0.283964403492899,0.174051745102616
"2005-11-23",0.388657406498538,0.106977979240474,0.115678922937423
"2005-11-25",0.194946451482547,0.0649872306627921,0.0270570921823177
"2005-11-28",-0.816253507742104,0.212752892590698,0.16257090156546
"2005-11-29",-0.023056221505513,0.35474333927717,0.245977003938374
"2005-11-30",-0.652543877139244,0.280112313945668,0.311745632278087
"2005-12-01",1.23921856892704,0.533299047144023,0.178627269103797
"2005-12-02",-0.00395249105800133,0.117347315153629,0.121830418431722
"2005-12-05",-0.211290254404428,0.201164437499098,0.195026072430144
"2005-12-06",0.0942257131693935,0.32791501584593,0.242971815185437
"2005-12-07",-0.496672686126054,0.322483028461957,0.261116894511759
"2005-12-08",-0.112211574340115,0.36757047095463,0.360664539156487
"2005-12-09",0.296569789967727,0.275685193266679,0.157065048386861
"2005-12-12",0.0849128900370921,0.203125022609846,0.131707845595924
"2005-12-13",0.534009694475923,0.302335166512635,0.25044938955877
"2005-12-14",0.436948359889477,0.20302406970434,0.178966637740898
"2005-12-15",-0.165107357265271,0.217689112967421,0.151605204417355
"2005-12-16",-0.233186647019767,0.148138654140564,0.165768898303925
"2005-12-19",-0.642493684487189,0.227619165022849,0.16327735393917
"2005-12-20",-0.00793827200116226,0.185095920626168,0.158044902290422
"2005-12-21",0.27588192635335,0.238023499084681,0.235017330250777
"2005-12-22",0.39584298579598,0.114192874025097,0.0994352815800213
"2005-12-23",0.0788233294795937,0.0710936065736871,0.0587875911709898
"2005-12-27",-0.975463000004773,0.219506935961947,0.246135508260931
"2005-12-28",0.0954319960453809,0.17194170019719,0.102421293426261
"2005-12-29",-0.271424587669067,0.139713710927002,0.0932760976150212
"2005-12-30",-0.552282259780768,0.37737684438276,0.204540634507399
"2006-01-03",1.65566301135671,0.753624070569999,0.462166125328183
"2006-01-04",0.38238256477392,0.222421318815587,0.24921669731794
"2006-01-05",-0.00785323867971144,0.237545716262842,0.219435878871517
"2006-01-06",0.92400713701446,0.352450608770657,0.368926046118795
"2006-01-09",0.379008973622863,0.104752942657828,0.114263736779353
"2006-01-10",-0.0325631883789868,0.206355079539632,0.168670166061313
"2006-01-11",0.335976039085395,0.134460117085563,0.208949074878862
"2006-01-12",-0.602306391601637,0.126907561074265,0.134076353861706
"2006-01-13",0.106461938259717,0.219577311210363,0.18026383954574
"2006-01-17",-0.354015720770295,0.25574101517606,0.158370247317773
"2006-01-18",-0.396739141494074,0.272850167196199,0.236453654491393
"2006-01-19",0.527598626448267,0.25632272412736,0.133932681571111
"2006-01-20",-1.83115159321234,0.400403941108028,0.346970271434711
"2006-01-23",0.186134981761832,0.230639920155919,0.245324007032843
"2006-01-24",0.226853358006007,0.319412753951097,0.23059119067791
"2006-01-25",-0.139845244943348,0.402070879802714,0.530207360276102
"2006-01-26",0.734173732386711,0.572591481088399,0.2715359967838
"2006-01-27",0.729602035351906,0.323924899318557,0.266782874473661
"2006-01-30",0.16348777483417,0.119336314399212,0.0922799357784813
"2006-01-31",-0.429531489559754,0.195810627036589,0.291687308343589
"2006-02-01",0.15612318165239,0.305780036408857,0.373019908223349
"2006-02-02",-0.879806681865514,0.433970578411717,0.398142358372953
"2006-02-03",-0.549187464448053,0.465528161436262,0.369933551287618
"2006-02-06",0.0941124436280916,0.179462917644871,0.196821867265413
"2006-02-07",-0.790442666088431,0.389350976243582,0.367646336793693
"2006-02-08",0.808622256781533,0.239266289276078,0.194420969684618
"2006-02-09",-0.113083270588366,0.233608593195645,0.226784767407409
"2006-02-10",0.255244299766577,0.419290170563809,0.36698635008573
"2006-02-13",-0.325689412878827,0.216965702168668,0.198400117700873
"2006-02-14",0.980960059618496,0.372081522463405,0.252058689310543
"2006-02-15",0.345177451455569,0.381905129542059,0.418031719269377
"2006-02-16",0.723267105333214,0.142646002739286,0.105748103957992
"2006-02-17",-0.17003043680841,0.117584104386703,0.103337642564648
"2006-02-21",-0.308967695248263,0.284403611756255,0.24187377386139
"2006-02-22",0.757873516140961,0.231419793325122,0.160207253837911
"2006-02-23",-0.38598415628659,0.328936042801667,0.228815660013967
"2006-02-24",0.14976509858835,0.134125512934098,0.129790976114667
"2006-02-27",0.359141852158817,0.156938236098095,0.116468602237572
"2006-02-28",-1.10084587151018,0.356098690435337,0.232197237216707
"2006-03-01",0.857947057859221,0.162775440013685,0.12825558036013
"2006-03-02",-0.129425778443171,0.316036290882302,0.215696412865882
"2006-03-03",-0.191733773985625,0.371535013892044,0.331326338147663
"2006-03-06",-0.678280554055721,0.261685099217324,0.259514662124666
"2006-03-07",-0.216927469212713,0.326675699797767,0.260604524045494
"2006-03-08",0.205974909432083,0.39315341243526,0.285470896412262
"2006-03-09",-0.457164265489851,0.169762647864867,0.163497025279732
"2006-03-10",0.735300309476195,0.302888462594634,0.334761596138853
"2006-03-13",0.187850569880599,0.166763217772709,0.129240718522499
"2006-03-14",1.02113645186641,0.186976077495678,0.181154713147397
"2006-03-15",0.467563680560001,0.145501287883813,0.152079289301475
"2006-03-16",0.181667016852671,0.208295115151653,0.186096963762855
"2006-03-17",0.1025688219495,0.09346608523764,0.100938934333703
"2006-03-20",-0.143166139254269,0.142185836449831,0.156446962845542
"2006-03-21",-0.624050965436229,0.290396534093695,0.273805546309058
"2006-03-22",0.595699669707095,0.155444724991641,0.159509495026622
"2006-03-23",-0.234013357313234,0.195930551747035,0.15203014171532
"2006-03-24",0.0760184784537543,0.187204200197303,0.151799417104383
"2006-03-27",-0.0744821795514383,0.0929626625994714,0.123098158477239
"2006-03-28",-0.646558128591579,0.304017971691115,0.304707806079537
"2006-03-29",0.747901707322995,0.261315177361323,0.169518765203094
"2006-03-30",-0.208172574131105,0.340904278616182,0.318342332258995
"2006-03-31",-0.401435225054225,0.206929091099895,0.249861069558932
"2006-04-03",0.198222235707401,0.254130827459302,0.196385883750302
"2006-04-04",0.612233484913727,0.271788721827602,0.273497793915202
"2006-04-05",0.42794544822673,0.228414889919491,0.252561250875539
"2006-04-06",-0.196933098781571,0.21583775366826,0.210142535594571
"2006-04-07",-1.02757199722845,0.597674924479258,0.48640548886257
"2006-04-10",0.0810219613826213,0.163247818701321,0.174622206446617
"2006-04-11",-0.777424644172786,0.378638173903097,0.325902167979296
"2006-04-12",0.151467515879933,0.197712832495556,0.156141309192386
"2006-04-13",0.0504382316962371,0.257512204776674,0.207314850349787
"2006-04-17",-0.288228295951942,0.141153407752741,0.144635822864801
"2006-04-18",1.69409281789905,0.659451806757607,0.29376666260542
"2006-04-19",0.212429492952815,0.299044913884484,0.345685567428237
"2006-04-20",0.121294894930379,0.447158996897809,0.350384888608691
"2006-04-21",-0.0549077639644402,0.289003421606144,0.205166150570328
"2006-04-24",-0.196236447642573,0.231944569160696,0.241796777724187
"2006-04-25",-0.478073908617471,0.322975052320679,0.264777163927347
"2006-04-26",0.253112263805022,0.365418915371045,0.221551412229463
"2006-04-27",0.330381615615938,1.34002451144243,0.972784290244749
"2006-04-28",0.0816622510131815,0.237485047780926,0.201199985506001
"2006-05-01",-0.422768959526376,0.427602342229139,0.400099189759883
"2006-05-02",0.587416947388331,0.214431388332593,0.182771846062531
"2006-05-03",-0.37695580691377,0.221863370865914,0.176072004883012
"2006-05-04",0.320579148403954,0.158510131143478,0.101246985667388
"2006-05-05",1.05218645465754,0.485512212417248,0.236568615703356
"2006-05-08",-0.122991500418657,0.0606683589217025,0.0689141595450292
"2006-05-09",0.024912335131777,0.053868928188365,0.048093953038986
"2006-05-10",-0.165443505552965,0.186012287578182,0.16859648184973
"2006-05-11",-1.28063962735503,0.341819372469956,0.327547983693675
"2006-05-12",-1.13911097359631,0.501947145164817,0.554302688926262
"2006-05-15",0.245245116478632,0.557621684774337,0.504545173909427
"2006-05-16",-0.178652267328339,0.322019163725926,0.267804740963724
"2006-05-17",-1.68850539203564,1.00221738331459,0.665878195776681
"2006-05-18",-0.666663869872597,0.519572128275526,0.529408563619457
"2006-05-19",0.410476815783412,0.744825726988097,0.883887398049411
"2006-05-22",-0.393042787686326,0.860129463324023,1.06413957966128
"2006-05-23",-0.416075048992237,0.836175974912234,0.437521558707371
"2006-05-24",0.13835440011114,1.49966093129814,1.54699715299614
"2006-05-25",1.16442052534911,0.404802507161845,0.342213577888368
"2006-05-26",0.554517042101743,0.137640502428554,0.0938566799138492
"2006-05-30",-1.59109026798294,0.447823533108107,0.318356616487805
"2006-05-31",0.781781993148289,0.706860565939589,0.442225404579188
"2006-06-01",1.19051354635031,0.353864559816937,0.322302350844451
"2006-06-02",0.218400941762376,0.483280661584572,0.521611313924548
"2006-06-05",-1.75992073671676,0.650851556009317,0.494595283263132
"2006-06-06",-0.151826693723045,0.903189121696041,0.829723156268675
"2006-06-07",-0.624751477377927,0.646691978990002,0.540654249806922
"2006-06-08",0.160728244789521,1.58121331490365,1.74293278516007
"2006-06-09",-0.471777928510964,0.542878101846798,0.552318750969605
"2006-06-12",-1.25558294661978,0.517488132648616,0.620840730726012
"2006-06-13",-1.05795277449019,1.44288238266009,1.74071310895986
"2006-06-14",0.526716098638147,0.976169882334633,0.64678866402378
"2006-06-15",2.07716273417198,0.767056963317201,0.509441089378903
"2006-06-16",-0.319903264829247,0.526243952846716,0.357180355620896
"2006-06-19",-0.917500225317536,0.502980721710446,0.428338069908725
"2006-06-20",-0.00967734131931408,0.457459988162744,0.376527911778326
"2006-06-21",0.967121645458313,0.411951722888915,0.368252103193445
"2006-06-22",-0.498043291010664,0.290889902338375,0.368552538152404
"2006-06-23",-0.0634342011901268,0.523040538466057,0.453697943605371
"2006-06-26",0.45439142153576,0.165601805861239,0.221947141977611
"2006-06-27",-0.889073219076497,0.313367258860486,0.33570119691412
"2006-06-28",0.546267001201972,0.299965432960418,0.250379079657606
"2006-06-29",2.09522778894407,0.839702474085605,0.670431050710686
"2006-06-30",-0.128935903707017,0.203397547220438,0.210064225246266
"2006-07-03",0.710223577088875,0.143647937847584,0.0544882186846309
"2006-07-05",-0.729893051308572,0.481819097462122,0.203364563603866
"2006-07-06",0.233423691200585,0.18523260392998,0.251608388384962
"2006-07-07",-0.662392302572012,0.357681907635441,0.283384919810261
"2006-07-10",0.154767011830881,0.356730010054928,0.215209746708019
"2006-07-11",0.407877792847966,0.290134242692174,0.370850958224762
"2006-07-12",-1.09271707851235,0.312254344530146,0.313683933410825
"2006-07-13",-1.32834664748609,0.539273888808172,0.500325689725217
"2006-07-14",-0.474500567493852,0.691378681261691,0.779183802932681
"2006-07-17",-0.166770599600685,0.435838344957847,0.416171639197206
"2006-07-18",0.199121019629533,0.939532761966589,0.648866515470076
"2006-07-19",1.83561957751879,0.959630867287798,0.578117513018817
"2006-07-20",-0.825103633113056,0.408622346192903,0.301654259525142
"2006-07-21",-0.694034434991231,0.544071255185378,0.555227262913723
"2006-07-24",1.6207084500282,0.507852628924724,0.226651901241578
"2006-07-25",0.650613181482029,0.818825225796723,0.481462275537787
"2006-07-26",-0.0220656611925385,0.521339929784103,0.327071423103976
"2006-07-27",-0.448672116695015,0.455895758377584,0.466412778169062
"2006-07-28",1.17975735073461,0.442729202586824,0.243761455419316
"2006-07-31",-0.12761345039376,0.216247661958876,0.195295836462832
"2006-08-01",-0.431803329262159,0.410526938451324,0.21785363090334
"2006-08-02",0.547680011870089,0.501623360780188,0.269701784050214
"2006-08-03",0.167314331894275,0.48931284250512,0.303126138684543
"2006-08-04",-0.0578246990083464,0.354972486455408,0.326132936564617
"2006-08-07",-0.259842049619952,0.181369108401974,0.185097880680635
"2006-08-08",-0.346985424639978,0.668996183188148,0.264269219435035
"2006-08-09",-0.449254757514339,0.54969499051926,0.459470662676236
"2006-08-10",0.425660020604113,0.455095493801433,0.365318225985682
"2006-08-11",-0.371958567794906,0.269985381762709,0.247327616948525
"2006-08-14",0.126242718360192,0.381399970419689,0.287390266496463
"2006-08-15",1.34091422986069,0.527123970458224,0.186610643398761
"2006-08-16",0.761880397713988,0.227987507319348,0.174663215455016
"2006-08-17",0.182823163775581,0.151148911395893,0.156465913925084
"2006-08-18",0.347751508337613,0.156563948922575,0.170379482930704
"2006-08-21",-0.300749793065513,0.147952481656289,0.113235552298047
"2006-08-22",0.0469796340378359,0.188696239317222,0.177164765698951
"2006-08-23",-0.473113352831334,0.183187606573346,0.141466842084124
"2006-08-24",0.264231564823358,0.18738056024392,0.178742060354974
"2006-08-25",-0.0547976936937644,0.159466892522921,0.120000147131829
"2006-08-28",0.519753690865699,0.153984585197853,0.142464080890816
"2006-08-29",0.195650484977516,0.196950823240392,0.200587407931722
"2006-08-30",-0.0153313096304508,0.118837283888842,0.153411977827355
"2006-08-31",-0.0544451401991886,0.0674104253727274,0.0755248380896928
"2006-09-01",0.547699278543323,0.25535520194011,0.0999821808495144
"2006-09-05",0.205758253385113,0.123183220144148,0.0875137669876628
"2006-09-06",-1.0238213818587,0.214762749143102,0.141761783380506
"2006-09-07",-0.476448361009396,0.396357140508603,0.284790719910237
"2006-09-08",0.370253660763975,0.140112844282392,0.113821266926011
"2006-09-11",0.0454158832535967,0.334914513788306,0.247810498797812
"2006-09-12",1.02977271367788,0.19317033510669,0.165806833077352
"2006-09-13",0.385438960972895,0.107669361813079,0.123517301895651
"2006-09-14",-0.128314654205486,0.146556196898342,0.129542550970817
"2006-09-15",0.243581448901331,0.290533871225585,0.127467054069054
"2006-09-18",0.146167300458444,0.167420123043321,0.122507162283847
"2006-09-19",-0.217435035114022,0.150884154632591,0.187202479361008
"2006-09-20",0.518184868865923,0.356348911750046,0.210739543720589
"2006-09-21",-0.550803005597533,0.341004988016759,0.303336718198565
"2006-09-22",-0.25752554352092,0.176362512525721,0.152713824936934
"2006-09-25",0.921442202684108,0.518045773891723,0.310383219789916
"2006-09-26",0.723157998993873,0.307201989926817,0.266851376273037
"2006-09-27",0.0359087920550394,0.280719340710466,0.312950543585185
"2006-09-28",0.139771828464763,0.174968165921977,0.152488377563512
"2006-09-29",-0.228819362531762,0.117791391671658,0.0936563342192944
"2006-10-02",-0.312667788660637,0.164484472166856,0.15270746532949
"2006-10-03",0.207054943513807,0.325130843906296,0.2460385039294
"2006-10-04",1.16009631002614,0.21171189046867,0.23695323146677
"2006-10-05",0.223465433666536,0.13273505138564,0.132272976104546
"2006-10-06",-0.213835768364046,0.352986167014142,0.217020802407851
"2006-10-09",0.0407306340726166,0.0948589034318229,0.110626568301444
"2006-10-10",0.191581567653287,0.135005891096191,0.136045461436072
"2006-10-11",-0.24490502753558,0.247576089091389,0.176430268469716
"2006-10-12",0.949628541169911,0.149011425580062,0.085242402521765
"2006-10-13",0.204520785426876,0.0917042084194646,0.0965542716344298
"2006-10-16",0.261820458922202,0.0432851905110109,0.0535773330711407
"2006-10-17",-0.353399917824149,0.281822762141377,0.174391947883602
"2006-10-18",0.102563360175001,0.540061631554174,0.393613499624609
"2006-10-19",0.0900225117059783,0.143256220428321,0.0843281025769955
"2006-10-20",0.0950577364480232,0.0653997058219153,0.078680404521719
"2006-10-23",0.604786197715157,0.325767287900303,0.172198660593572
"2006-10-24",0.0493870209330005,0.180156622982881,0.219569154122345
"2006-10-25",0.349369389089915,0.392040847509613,0.287878622961448
"2006-10-26",0.488659687217563,0.25718195494966,0.1612241020883
"2006-10-27",-0.769073317765656,0.392607502225298,0.289947916074744
"2006-10-30",-0.0261250083126718,0.135307709172117,0.140391106723515
"2006-10-31",-0.0348439647245513,0.260283138194367,0.205792510785215
"2006-11-01",-0.681895331549143,0.262299742381052,0.153467041940522
"2006-11-02",-0.0716646709233437,0.132677852660901,0.145012526713964
"2006-11-03",-0.169860125917154,0.2424414359829,0.283156248741974
"2006-11-06",1.072148168545,0.297335877714841,0.193602664047578
"2006-11-07",0.246907448301403,0.196094208899758,0.179173307615958
"2006-11-08",0.216717680122169,0.337034004146654,0.255620547899323
"2006-11-09",-0.502055571608029,0.214643176478925,0.25226327891022
"2006-11-10",0.122490855682411,0.15430508229176,0.129129118729601
"2006-11-13",0.290045012004203,0.176855089007295,0.122370778994323
"2006-11-14",0.621372686855537,0.353063593693963,0.295808766830291
"2006-11-15",0.268806768050922,0.119796372745677,0.141560115372687
"2006-11-16",0.195952290405366,0.260383565378297,0.160819785142306
"2006-11-17",0.0885530912190013,0.268816578533036,0.144227622899818
"2006-11-20",0,0.175922360837191,0.168698006201372
"2006-11-21",0.129118339542877,0.0946354826033045,0.0679458108432424
"2006-11-22",0.237825787301471,0.147457483926021,0.0745321933727271
"2006-11-24",-0.364088880686264,0.246677078474876,0.0846452794420722
"2006-11-27",-1.34452062958541,0.372876585720566,0.308228105604122
"2006-11-28",0.313491202341964,0.399155643484046,0.412947717306631
"2006-11-29",0.907465485046099,0.450326382535352,0.210237123280942
"2006-11-30",0.114284094094685,0.394909709388691,0.387187179926068
"2006-12-01",-0.316028319451966,0.618237701871308,0.579031198674622
"2006-12-04",0.888337048202992,0.331928606790433,0.207305246034486
"2006-12-05",0.420731161841381,0.189382024605578,0.178992538605704
"2006-12-06",-0.126599753100543,0.0545057548775146,0.0950721399251925
"2006-12-07",-0.407762942351741,0.206843059341872,0.163090291256523
"2006-12-08",0.173236440007773,0.232934216222625,0.168336705723075
"2006-12-11",0.219663507281531,0.0926108384292223,0.0950237766517834
"2006-12-12",-0.0998516471732991,0.21287003745567,0.234752616308975
"2006-12-13",0.15858298131981,0.237704765333795,0.163453065520324
"2006-12-14",0.821443757841944,0.240042729085137,0.222309856869519
"2006-12-15",0.115698957241239,0.118374340261883,0.17478854932265
"2006-12-18",-0.306016690704336,0.168690889989367,0.10524293547371
"2006-12-19",0.214169683122289,0.407002447433106,0.29919630432652
"2006-12-20",-0.13687526484949,0.0553608447836321,0.0705046956477042
"2006-12-21",-0.356050054219192,0.166248780519401,0.172643813317596
"2006-12-22",-0.513787495460072,0.19705103072367,0.216392759241098
"2006-12-26",0.455968130003281,0.0679727606453665,0.0577392174986238
"2006-12-27",0.688133340731589,0.271713120968994,0.111823214449299
"2006-12-28",-0.201942360813234,0.113504089744061,0.113940402723099
"2006-12-29",-0.513702169739183,0.278665134552241,0.171906893322395
"2007-01-03",-0.0515156551940343,0.719668157546629,0.405972534035441
"2007-01-04",0.109350925034857,0.486061589330315,0.337019147705906
"2007-01-05",-0.614620521187081,0.348567211419359,0.260981217368355
"2007-01-08",0.228890618690958,0.363272691947602,0.39402885507771
"2007-01-09",-0.0438950490601719,0.357191612165646,0.265681425173051
"2007-01-10",0.188188073763129,0.301016215263453,0.172358466045958
"2007-01-11",0.629898931820616,0.174283505864528,0.1510740162305
"2007-01-12",0.456900185878339,0.118690594787071,0.126079933750428
"2007-01-16",0.110407681054614,0.116903663517362,0.147119239159727
"2007-01-17",-0.0691652343036253,0.174802164208879,0.188351977534965
"2007-01-18",-0.363378344417509,0.242597216996355,0.263915252688402
"2007-01-19",0.321436726533886,0.104827258499757,0.115907250866596
"2007-01-22",-0.522948483454844,0.178276393015199,0.200670566934311
"2007-01-23",0.354305529112331,0.122539808917858,0.209218030166337
"2007-01-24",0.836912511223176,0.164181671660737,0.109635205274046
"2007-01-25",-1.0809330795408,0.232132194611682,0.206114235200354
"2007-01-26",-0.120125197530641,0.362008906288622,0.323989729982529
"2007-01-29",-0.135049609046511,0.190316781558546,0.227607196309815
"2007-01-30",0.54260787837741,0.187229613994704,0.184916693069363
"2007-01-31",0.698305912313213,0.367981484944158,0.276850392146663
"2007-02-01",0.501354983148961,0.186864074414187,0.125504974683486
