Date,close,rv,bv,rets
2016-01-12,193.62,1.5845382263689969,1.8303480393111693,0.7985523378927724
2016-01-13,188.84,1.6779914193879994,1.6480841553312646,-2.49973796138395
2016-01-14,191.89,2.1573827247631607,2.094351492229962,1.602219550356498
2016-01-15,187.78,2.521116911283612,2.6925677359316684,-2.1651226351249537
2016-01-19,188.05,2.253942539463282,2.302183939460633,0.1436820085944133
2016-01-20,185.79,3.747152580302152,3.436983986832721,-1.2090881298266287
2016-01-21,186.68,2.952314218810248,3.0968576354435444,0.4778917463535729
2016-01-22,190.49,0.7093863701976949,0.7849543480704865,2.0203778668991745
2016-01-25,187.66,0.5016854407174479,0.4884320554669223,-1.4967884888703102
2016-01-26,190.18,0.6714863105934491,0.5455853274439093,1.3339177249394665
2016-01-27,188.12,2.005169010178421,1.6984981970357849,-1.0890935034450973
2016-01-28,189.14,1.4328360710368802,1.497780147822555,0.5407424510518719
2016-01-29,193.7,0.6639981750204453,0.6534756984438778,2.3823088825584184
2016-02-01,193.68,0.5899091501531871,0.535506523036314,-0.010325778314703
2016-02-02,190.13,0.7553595293940253,0.8658004153001896,-1.8499263908308348
2016-02-03,191.19,3.1211954629331786,2.515954130599298,0.5559649272817822
2016-02-04,191.55,1.615096434492057,1.3496962288823495,0.1881173152345717
2016-02-05,187.95,1.1372815378778538,1.034897824245857,-1.8972901136471088
2016-02-08,185.37,1.7244037760549966,1.58502178740888,-1.3822142269189046
2016-02-09,185.37,2.935286933780752,3.3662541342319487,0.0
2016-02-10,185.29,1.2138555932927475,1.2122581309390132,-0.0431662446674728
2016-02-11,183.06,1.6740233596636285,1.4684608339337095,-1.210819733768986
2016-02-12,186.64,0.5825475891552578,0.6307564492346671,1.936765975654121
2016-02-16,189.77,0.4853411212251791,0.4665036199312539,1.6631184852712964
2016-02-17,192.88,0.3727813492864268,0.4988868580086033,1.6255421307028135
2016-02-18,192.05,0.5359870919273279,0.4667763890329184,-0.4312479081001777
2016-02-19,192.02,0.4214379697339306,0.4174254563997723,-0.0156221522436056
2016-02-22,194.79,0.2322383098051611,0.1852352191912676,1.432252191902717
2016-02-23,192.36,0.4592469427483537,0.3542961569160154,-1.2553438779043018
2016-02-24,193.22,0.9907798320429232,0.9351175692829432,0.446081967990152
2016-02-25,195.53,0.4494109178676346,0.4281215653069315,1.188438424881988
2016-02-26,195.13,0.52518283549381,0.3705736354733328,-0.2047817231276193
2016-02-29,193.5,0.5370403480123516,0.369962988179836,-0.8388490637070823
2016-03-01,198.18,0.5296621635803158,0.5473909476874915,2.3898196160916805
2016-03-02,199.0,0.4007515199905216,0.4248018661452589,0.4129116093739182
2016-03-03,199.76,0.2266841110006704,0.2333295495491307,0.3811821247025351
2016-03-04,200.38,0.3414305547789404,0.3984563617357721,0.3098917859599159
2016-03-07,200.6,0.4610525530376455,0.4995970938837947,0.1097311696718294
2016-03-08,198.37,0.3428391372528306,0.3592814644611653,-1.1178901787817892
2016-03-09,199.42,0.4259984254689567,0.3765216064003007,0.5279179660629552
2016-03-10,199.54,0.9420797035716628,0.874963179223248,0.0601564084714159
2016-03-11,202.74,0.230170368911919,0.2424803577835787,1.59096524688926
2016-03-14,202.5,0.2205100839365409,0.1838530174190032,-0.1184483407659838
2016-03-15,202.17,0.199358066718707,0.2053318222763318,-0.1630958920358528
2016-03-16,203.39,0.7842615296341013,0.6974624307521836,0.601639057116866
2016-03-17,204.64,0.2645715809607991,0.3080410906751056,0.612701963312858
2016-03-18,204.44,0.2014327997114157,0.2247887226136586,-0.0977803930453708
2016-03-21,204.68,0.1844720342531068,0.1539291133912777,0.1173250036812234
2016-03-22,204.59,0.2510507019319953,0.2050781956896092,-0.0439807469155995
2016-03-23,203.24,0.2211250767796874,0.22832977300753,-0.6620429742203879
2016-03-24,203.14,0.1904001889756949,0.1988639748397692,-0.0492150214176182
2016-03-28,203.26,0.1888614025139699,0.1415986601686973,0.0590551198265331
2016-03-29,205.15,0.356785234331483,0.2125539141091442,0.925547117857472
2016-03-30,206.07,0.1783592843779771,0.1731755247785545,0.4474498005704778
2016-03-31,205.56,0.1227391517239787,0.1104318903473527,-0.2477954769871049
2016-04-01,206.89,0.284832678250544,0.2208427990652443,0.6449288931623023
2016-04-04,206.27,0.1468238318525045,0.1482491328471362,-0.3001260845148874
2016-04-05,204.19,0.3301393256459079,0.3426346345504241,-1.0135057275559622
2016-04-06,206.42,0.3122110709702297,0.3484360234887143,1.0861995202843882
2016-04-07,203.93,0.486925873695859,0.4564452495984772,-1.2136130433531356
2016-04-08,204.52,0.347694817050515,0.2631162077658511,0.2888972507542682
2016-04-11,203.98,0.387378313611953,0.350662425890456,-0.2643820389426536
2016-04-12,205.94,0.3371726890962991,0.3676314892491418,0.9562914406232812
2016-04-13,208.02,0.2116672013864295,0.2207661988361754,1.0049364696382412
2016-04-14,208.02,0.1050544344321893,0.1022408024167133,0.0
2016-04-15,207.81,0.0750939227528849,0.0627747035177248,-0.1010028222363743
2016-04-18,209.28,0.1453868550552234,0.1340606243827296,0.7048867566210557
2016-04-19,209.87,0.2181695335484647,0.1893897483246101,0.2815223140496044
2016-04-20,210.06,0.1208531599119614,0.1253147572699756,0.0904912785299479
2016-04-21,208.96,0.1700210156736805,0.1930203729640416,-0.5250358106563
2016-04-22,208.99,0.2469390515149485,0.2239445336511458,0.0143557842093759
2016-04-25,208.61,0.2107038972741892,0.1865453724497068,-0.1819923873964961
2016-04-26,208.98,0.2030462084983453,0.2296080145966545,0.177207354976986
2016-04-27,209.36,0.3684522379113393,0.3183804516326268,0.1816704615925667
2016-04-28,207.48,0.3724426160378524,0.4952558148632487,-0.902030873869104
2016-04-29,206.32,0.6133578340991659,0.781052261158614,-0.5606587910110127
2016-05-02,207.97,0.2020238980855569,0.2117989615979269,0.7965476956740247
2016-05-03,206.14,0.2938136546860417,0.2397409378568296,-0.8838288921183013
2016-05-04,204.99,0.238884131788533,0.243056648737628,-0.5594352147849961
2016-05-05,204.98,0.2921749497889772,0.2570666098595111,-0.0048784057379797
2016-05-06,205.7,0.3890300823238724,0.3435202529213414,0.350638325549466
2016-05-09,205.88,0.2227027379245529,0.2421326952637925,0.0874678125642343
2016-05-10,208.43,0.1692195040581287,0.1283967846935511,1.2309778669025622
2016-05-11,206.56,0.1756909839242242,0.1539991236972519,-0.9012326355246963
2016-05-12,206.56,0.4016898900108867,0.3552347456808405,0.0
2016-05-13,204.76,0.3905434378065085,0.4140780052294818,-0.8752365508949944
2016-05-16,206.78,0.1571332903921303,0.1509883938194957,0.9816864569164512
2016-05-17,204.88,0.3749218696315613,0.3887695879184915,-0.923098426727722
2016-05-18,204.96,0.8806859452910782,0.7944066455376266,0.0390396257154338
2016-05-19,204.22,0.620768232504275,0.3856436107577614,-0.3616994021032291
2016-05-20,205.47,0.1934751807305456,0.2028822019431861,0.6102193750531715
2016-05-23,205.15,0.120947873934155,0.0939353935988496,-0.1558618989728377
2016-05-24,207.86,0.1468788980889068,0.1401127475730605,1.3123357272080631
2016-05-25,209.23,0.1772127653055741,0.2014797804928342,0.6569349190884141
2016-05-26,209.3,0.0965520137604762,0.0967232315083322,0.0334504100794252
2016-05-27,210.2,0.0803075023665611,0.0696319946232568,0.4290828990896668
2016-05-31,209.9,0.184481412124421,0.13893734549661,-0.1428231616263389
2016-06-01,210.28,0.2131993720950556,0.1753905464752435,0.1808749124660025
2016-06-02,210.91,0.1729994753881649,0.124210809014069,0.2991526246275857
2016-06-03,210.3,0.2587053927087398,0.2454873773872045,-0.2896419488869046
2016-06-06,211.35,0.0966968127016634,0.1052399660280101,0.4980444304144751
2016-06-07,211.67,0.0563020201890041,0.0639345469746474,0.1512931119280151
2016-06-08,212.34,0.1431105738854179,0.142682878430979,0.3160305453348115
2016-06-09,212.01,0.1153558014157564,0.0990850975383072,-0.1555320214554397
2016-06-10,210.06,0.1903359144659469,0.2136001910513993,-0.9240239176243272
2016-06-13,208.44,0.3320592566434586,0.2727195813080884,-0.7741974153615507
2016-06-14,208.08,0.4531960309908939,0.4721723318926402,-0.1728608900617742
2016-06-15,207.75,0.2513465906586388,0.2290116756279484,-0.1587187404838564
2016-06-16,208.42,0.5195939909944419,0.52709294536785,0.3219840828723791
2016-06-17,206.57,0.3317546866596865,0.2263248068187824,-0.8915936554120051
2016-06-20,207.86,0.2145401121678876,0.1505414031976815,0.6225438150114438
2016-06-21,208.39,0.1579600789290804,0.1643939857112919,0.2546547922722526
2016-06-22,208.05,0.2188477202666079,0.185591411561515,-0.1632888654047941
2016-06-23,210.83,0.1229381467778076,0.1335015062208664,1.3273686102951805
2016-06-24,203.23,1.6596018081120831,1.586590905102464,-3.671377892968642
2016-06-27,199.59,0.9265846889955274,1.1072610609353195,-1.8073080180309813
2016-06-28,203.16,0.4340756432872693,0.4679868308969696,1.772858351113836
2016-06-29,206.67,0.1508947086958286,0.1558713521944404,1.7129472340169822
2016-06-30,209.5,0.4428290067002599,0.4173075345243164,1.3600421088978374
2016-07-01,209.82,0.1700402538215357,0.247652651522663,0.1526280941147058
2016-07-05,208.43,0.2221827617417398,0.2020037945981667,-0.6646766849760108
2016-07-06,209.75,0.419993385914127,0.3758355210723105,0.6313091893736179
2016-07-07,209.52,0.2494229931767874,0.2277940124856032,-0.1097145147859012
2016-07-08,212.65,0.1128689864363786,0.0779938230339094,1.482842150018596
2016-07-11,213.41,0.1137981254055404,0.1106476661026872,0.3567576426236857
2016-07-12,214.94,0.0909484053413685,0.0870133937351922,0.7143721287127721
2016-07-13,214.93,0.170183561759012,0.1281479724456731,-0.0046525693822746
2016-07-14,216.07,0.1934162902680335,0.1929165337273722,0.5290035538394278
2016-07-15,215.81,0.1411671716148684,0.1355937834678757,-0.1204038304206371
2016-07-18,216.4,0.0823363867514229,0.0876417336958627,0.2730156018954239
2016-07-19,216.155,0.0634423258772613,0.0554893209048068,-0.113280404202744
2016-07-20,217.1,0.0764038763924219,0.0682567646375195,0.4362333953947148
2016-07-21,216.26,0.1011033895076667,0.0915946904342037,-0.3876689366855139
2016-07-22,217.23,0.0845118124979204,0.0861309635603359,0.447531255144795
2016-07-25,216.66,0.0886383311504777,0.072586306535548,-0.262739555141772
2016-07-26,216.73,0.3146661697124812,0.1983483673397982,0.0323034682889414
2016-07-27,216.54,0.2551274025221184,0.2550228138665325,-0.0877051317558537
2016-07-28,216.78,0.2266680311047536,0.2043872478293323,0.1107726504851611
2016-07-29,217.14,0.1905219945255681,0.1732832424335158,0.1659292416102141
2016-08-01,216.9,0.2073977001956055,0.2262910646680304,-0.1105888970877303
2016-08-02,215.55,0.3177366142815195,0.3303781758642917,-0.6243516639685047
2016-08-03,216.2,0.0706007957425037,0.0655300137321509,0.3011004011964131
2016-08-04,216.41,0.143226643153705,0.1204542314549389,0.0970851420423278
2016-08-05,218.17,0.0711528335872061,0.0676289445079929,0.809981877840167
2016-08-08,218.03,0.0445969725995846,0.0517205693028549,-0.0641907403976045
2016-08-09,218.16,0.0621791143778516,0.0575456503368342,0.0596070537376186
2016-08-10,217.64,0.1108763011207891,0.0732501915121726,-0.2386416919608516
2016-08-11,218.65,0.0793654896695453,0.0867439011608898,0.4629956241204997
2016-08-12,218.45,0.0467922815319117,0.0578222934949985,-0.0915122461484779
2016-08-15,219.125,0.0357963624274779,0.0348059839727722,0.3085187843953674
2016-08-16,217.98,0.1031107526850059,0.0653673841858091,-0.5239027780233011
2016-08-17,218.37,0.1806229534564899,0.1486546301737133,0.1787556337110692
2016-08-18,218.87,0.0577482815395862,0.0465695789494821,0.2287074457717467
2016-08-19,218.57,0.1156228250999076,0.1208526942401918,-0.1371616893897806
2016-08-22,218.5,0.2579701744620885,0.1722281374919148,-0.0320314826451116
2016-08-23,218.94,0.0438762241030302,0.0376381162619468,0.2011705140766524
2016-08-24,217.88,0.1290159735120725,0.0685602890674739,-0.4853267160937546
2016-08-25,217.63,0.1137249341572136,0.0977383663699855,-0.1148079389497982
2016-08-26,217.25,0.447337867461894,0.4299931278795973,-0.1747608980474267
2016-08-29,218.36,0.1074302216648277,0.0515605821894921,0.5096312768055399
2016-08-30,217.97,0.0901163289652469,0.0981281586266923,-0.178763827313569
2016-08-31,217.38,0.1156036910686451,0.0871819226841318,-0.2710464505380337
2016-09-01,217.41,0.2758705440599278,0.2995066244461753,0.0137997654258949
2016-09-02,218.37,0.1177662259061645,0.1005977210159644,0.4405900008976439
2016-09-06,219.07,0.1174879763764907,0.1274987564542942,0.3200441649131794
2016-09-07,219.06,0.083588104758584,0.0764909722182683,-0.0045648551807591
2016-09-08,218.53,0.0926056073285427,0.0828553135537148,-0.2422360013539526
2016-09-09,213.29,0.4611946130668429,0.4472747231267255,-2.427056282913009
2016-09-12,216.34,0.7255271200020644,0.8433318993053686,1.4198502149212582
2016-09-13,213.23,0.5668839197112225,0.5673209835030993,-1.447984886400101
2016-09-14,213.14,0.4547382331324225,0.4838231074655518,-0.0422168545332451
2016-09-15,215.29,0.2796259921405671,0.2322901883419831,1.003672968042755
2016-09-16,213.34,0.2518183145229235,0.2084684723814426,-0.9098819275900752
2016-09-19,213.39,0.2510513341239063,0.2261944336562036,0.0234340216196748
2016-09-20,213.42,0.2259927860970575,0.1873357367538108,0.0140577774885358
2016-09-21,215.79,0.3985941243158208,0.3101962358135581,1.104365735895582
2016-09-22,217.15,0.1581426256437314,0.1324884370995907,0.6282646433456336
2016-09-23,215.98,0.0919114834042998,0.1124130772242648,-0.540254817621731
2016-09-26,214.21,0.1528136334915329,0.1347021584881862,-0.8228968539888857
2016-09-27,215.55,0.2121349377060656,0.1890402871251636,0.6236058928418898
2016-09-28,216.66,0.1981507344616033,0.1427173315300802,0.5136403324277642
2016-09-29,214.67,0.5227455435544627,0.5493264671574127,-0.9227339251424336
2016-09-30,216.36,0.2019405900889277,0.1636420405914121,0.7841721737229119
2016-10-03,215.69,0.1403438406976952,0.19520744123239,-0.3101495368943531
2016-10-04,214.72,0.4761564083335793,0.5301736279930012,-0.4507337850965723
2016-10-05,215.66,0.1608320265884203,0.1851991124115597,0.436823967060922
2016-10-06,215.83,0.1454554687385035,0.078467034105823,0.0787967316952801
2016-10-07,215.06,0.3631354541842838,0.3072492019413355,-0.3574001808498919
2016-10-10,216.11,0.0563727405676977,0.061155493053453,0.4870478352555419
2016-10-11,213.45,0.3694721643376014,0.3278033945558309,-1.2384924110964528
2016-10-12,213.72,0.1940529254769672,0.1434080532610849,0.1264133885599565
2016-10-13,213.04,0.3085959203990697,0.2226359721750957,-0.3186805583893876
2016-10-14,213.09,0.2659156797532066,0.2822129463673161,0.0234670172151502
2016-10-17,212.4,0.1566344918220706,0.169877618248611,-0.3243322310044549
2016-10-18,213.69,0.1034405400854659,0.0880858426900459,0.6055077290588226
2016-10-19,214.25,0.0761944154945074,0.0465200601469041,0.2617190819517025
2016-10-20,213.89,0.3314498578211861,0.3452544400240716,-0.1681693300522189
2016-10-21,213.93,0.0808185490784703,0.053070150033621,0.0186994530954944
2016-10-24,214.85,0.0661170115814623,0.0564969421056597,0.4291251512682193
2016-10-25,214.18,0.0940115327089622,0.092728912911468,-0.3123327248275057
2016-10-26,213.74,0.1571371181255602,0.0842124397171505,-0.2056459875978353
2016-10-27,213.17,0.2891898658891002,0.2772216636318905,-0.267035365164759
2016-10-28,212.51,0.6792199812271945,0.4220195399191741,-0.3100923364333917
2016-10-31,212.51,0.1362369595582576,0.1264316489179292,0.0
2016-11-01,211.0,0.3710261037210664,0.3728405213760692,-0.7130912604702679
2016-11-02,209.7,0.4982259727305466,0.5412016841694176,-0.618019556819224
2016-11-03,208.84,0.1581952121803076,0.1784511789661347,-0.4109529365522584
2016-11-04,208.51,0.2597854023403736,0.2611173312723961,-0.1581406822922346
2016-11-07,213.11,0.1518180688286212,0.1055197530384584,2.1821462609805358
2016-11-08,214.07,0.2604076380561357,0.2326152515700663,0.4494600009896375
2016-11-09,216.41,1.5487615936006358,1.649909071284484,1.087169228640006
2016-11-10,216.87,0.9388950330948288,1.1796775434240725,0.2123339054784194
2016-11-11,216.46,0.3127260424383097,0.3907305739968339,-0.1892322813315039
2016-11-14,216.53,0.2957468082089612,0.3389674584273206,0.0323333105198026
2016-11-15,218.25,0.1233115923180215,0.1189484239962615,0.7912088747513266
2016-11-16,217.93,0.1045859890655875,0.1136167090926358,-0.1467284411991732
2016-11-17,218.95,0.0765702105037196,0.0790719182785481,0.4669482939687475
2016-11-18,218.52,0.0642454663669249,0.0559697629305051,-0.1965849719890396
2016-11-21,220.11,0.0692355553595945,0.0787141179629009,0.7249877866495769
2016-11-22,220.53,0.0742961136743715,0.0670498188337833,0.190631866009339
2016-11-23,220.71,0.0620364736105539,0.0490738398154786,0.0815882558176905
2016-11-25,221.53,0.0171513438491773,0.0130245532703391,0.3708397882301265
2016-11-28,220.54,0.0922973716712825,0.0760965626561318,-0.4478936164051713
2016-11-29,220.89,0.1537992479101784,0.1311167957747823,0.1585755718202813
2016-11-30,220.33,0.2221853017575279,0.1335033932502239,-0.253841757263759
2016-12-01,219.52,0.2131733042085611,0.2565248278645142,-0.3683077938577033
2016-12-02,219.66,0.1372298405819123,0.1769659169843775,0.063755182267929
2016-12-05,220.92,0.0909982700553582,0.1161033260262464,0.5719748672786908
2016-12-06,221.69,0.093392103861215,0.0742258105737422,0.3479364572874955
2016-12-07,224.57,0.2498918482698223,0.2717949293347651,1.29074529845883
2016-12-08,225.14,0.1370380785818262,0.1403385677487724,0.2534968336207812
2016-12-09,226.5,0.1013916076314192,0.1026118667263887,0.6022513996430847
2016-12-12,226.22,0.146159480329418,0.1499155761457226,-0.1236967819853738
2016-12-13,227.71,0.1384095961035967,0.13587110200538,0.6564912437338362
2016-12-14,225.92,0.8247347360017276,0.918602628458882,-0.7891935235696219
2016-12-15,226.77,0.28868807697019,0.3035583739361631,0.3755333667317763
2016-12-16,225.07,0.1797781195039907,0.1510143202089914,-0.75248230416904
2016-12-19,225.5,0.1372480817460731,0.1152477165354308,0.1908694012228375
2016-12-20,226.37,0.0608887408282231,0.057846132749582,0.3850669772301445
2016-12-21,225.8,0.0271333097182684,0.0263295083499493,-0.2521176999472783
2016-12-22,225.44,0.0784910901362937,0.0636073633145597,-0.1595603565191623
2016-12-23,225.69,0.0181976011326926,0.0158519217660732,0.1108328089869864
2016-12-27,226.25,0.0533434007152347,0.0610143210386283,0.2478206339795569
2016-12-28,224.43,0.1588815006826868,0.1762424978576252,-0.8076728027612249
2016-12-29,224.36,0.1255699308690225,0.1320578695435895,-0.0311949912287079
2016-12-30,223.55,0.2899911001763118,0.2021810359611896,-0.3616801960146546
2017-01-03,225.19,0.2825778664495432,0.2617251774692285,0.7309387626258512
2017-01-04,226.53,0.0937612218308636,0.1087049361881839,0.5932896177195575
2017-01-05,226.36,0.1130433784212961,0.088741178599051,-0.0750734209120721
2017-01-06,227.23,0.1885178545454852,0.1442390517185313,0.3836068109383238
2017-01-09,226.49,0.0689437936216539,0.0734613529648764,-0.3261926545637628
2017-01-10,226.43,0.124131159899975,0.127377836429689,-0.0264947453638547
2017-01-11,227.07,0.4298074808341169,0.4189792179707808,0.2822493604755631
2017-01-12,226.57,0.2672994832115198,0.1823481385511573,-0.2204392039822993
2017-01-13,227.04,0.0874373989816993,0.0789345066552766,0.2072265462369879
2017-01-17,226.3,0.107950486191702,0.0927560584351434,-0.3264660772240773
2017-01-18,226.74,0.108373236518974,0.1126044456597867,0.1942433949960987
2017-01-19,225.95,0.1356182171156023,0.1072153042309064,-0.3490250732164023
2017-01-20,226.7,0.1826550655326833,0.1551388095959412,0.3313821656194514
2017-01-23,226.18,0.1890715874079727,0.1779021661992518,-0.2296415070302276
2017-01-24,227.57,0.0770524926943318,0.0725703712767475,0.6126740927946203
2017-01-25,229.49,0.0653172369837133,0.0674566026179173,0.8401572195393192
2017-01-26,229.295,0.0816065122048963,0.0814373991904287,-0.0850071435389702
2017-01-27,228.99,0.0425243248913044,0.0391933740910903,-0.1331049652641982
2017-01-30,227.62,0.2736376011673034,0.2816179880276747,-0.6000762624744975
2017-01-31,227.56,0.1262807154066246,0.1300826754760173,-0.0263631971297131
2017-02-01,227.64,0.2060871946024159,0.1809013524775389,0.0351493852476533
2017-02-02,227.77,0.1747265448388004,0.1707940260196491,0.0570914136848518
2017-02-03,229.38,0.068905778290471,0.0663516307212814,0.704366906460496
2017-02-06,228.96,0.0665535743941819,0.0626972791784703,-0.1832701128235616
2017-02-07,228.97,0.080665675920402,0.0908589639994765,0.0043674797464919
2017-02-08,229.26,0.0804170919196629,0.0612222351286139,0.1265740081257728
2017-02-09,230.57,0.0663783070264325,0.0609450726110976,0.5697773281658256
2017-02-10,231.48,0.0576861233401909,0.0612344754893381,0.39389727371162
2017-02-13,232.73,0.0468341484652253,0.0430326898815332,0.5385506650935595
2017-02-14,233.71,0.1001100175544941,0.0972197625673213,0.420204717436017
2017-02-15,234.87,0.0785533075031311,0.0819620847958297,0.4951139056998709
2017-02-16,234.73,0.1788064184627433,0.1861224544263545,-0.0596252147136707
2017-02-17,235.06,0.0693012768489337,0.0602509439728226,0.140488326391226
2017-02-21,236.46,0.1255691327730013,0.140419451946666,0.5938259730259324
2017-02-22,236.3,0.0768686921100657,0.086212278461638,-0.0676876242105142
2017-02-23,236.45,0.1099381512922515,0.0999397321387688,0.0634584897022485
2017-02-24,236.78,0.112758380735461,0.085260193789727,0.1394670893605459
2017-02-27,237.13,0.0994949578195661,0.095868980903587,0.1477073974528058
2017-02-28,236.52,0.1043043138713741,0.0797692858071814,-0.257574300538905
2017-03-01,239.74,0.1344541988287612,0.0917768498908936,1.3522231826324642
2017-03-02,238.33,0.1377356348189779,0.1623105997151721,-0.5898734864847038
2017-03-03,238.48,0.1068274451663389,0.0921178978356365,0.0629181455709222
2017-03-06,237.76,0.0814001784393606,0.0650162811182591,-0.3023687840421639
2017-03-07,237.05,0.0927504551751707,0.092042241879772,-0.2990672181266864
2017-03-08,236.59,0.0969299604168238,0.0948651758251543,-0.1942404123930146
2017-03-09,236.83,0.104326676171664,0.1060253414341528,0.1013898950445074
2017-03-10,237.64,0.1221869324532413,0.112354026816439,0.341433931289844
2017-03-13,237.75,0.0449193351272384,0.0343886116575633,0.0462777937958993
2017-03-14,236.93,0.1285725276692852,0.1259278997513335,-0.3454962567114114
2017-03-15,238.9,0.1915250506212076,0.1134986592612807,0.8280315473378199
2017-03-16,238.52,0.0968892913223687,0.0907894950634339,-0.1591890076858706
2017-03-17,237.07,0.0648856746319001,0.0647105529107556,-0.6097708079764258
2017-03-20,236.74,0.1087773579423595,0.1122158896556801,-0.1392963649393445
2017-03-21,233.78,0.4956626657364686,0.5164593549925746,-1.2581990346123326
2017-03-22,234.26,0.3135762696512241,0.26731149590339,0.2051107462104215
2017-03-23,234.01,0.2613888152376884,0.22024189142561,-0.1067760154408091
2017-03-24,233.9,0.3753524531629532,0.3900087282925783,-0.0470175897187176
2017-03-27,233.58,0.2013744622894194,0.2313528050119405,-0.1369042739713924
2017-03-28,235.27,0.2362815037792479,0.1892219087349584,0.7209159941908159
2017-03-29,235.59,0.121479467398937,0.1030444069587704,0.135921526256531
2017-03-30,236.27,0.0897370069792866,0.0877513097748243,0.2882212820491284
2017-03-31,235.71,0.115980791840069,0.1173486847982456,-0.237298301954422
2017-04-03,235.37,0.2185266337212808,0.1977833583454343,-0.144349180197538
2017-04-04,235.51,0.1313523552473864,0.1171918462880386,0.0594631346097282
2017-04-05,234.76,0.2828550756313982,0.2316360485003344,-0.3189659709828187
2017-04-06,235.39,0.2729557535789013,0.29899877359879,0.26799973501019
2017-04-07,235.17,0.2173739538977521,0.2382758306173404,-0.0935056171495143
2017-04-10,235.32,0.2351686664512058,0.1545453911781487,0.0637633127514792
2017-04-11,235.04,0.2808467158134305,0.2507760476379652,-0.1190577570688076
2017-04-12,234.1,0.1890415664450787,0.1879332131217628,-0.4007337928702114
2017-04-13,232.54,0.2958060112302064,0.2429945887921231,-0.6686121256402927
2017-04-17,234.57,0.0957538896997865,0.0929524670903197,0.8691797564070233
2017-04-18,233.86,0.1702600615164038,0.1344015448107284,-0.3031405092359795
2017-04-19,233.47,0.1417483256079293,0.1319044627290233,-0.1669056514826234
2017-04-20,235.3,0.1141565149949189,0.0774876701026529,0.7807706535970518
2017-04-21,234.59,0.1605861909750581,0.1289435569366359,-0.3021986168395218
2017-04-24,237.12,0.068249825424859,0.0580163292149526,1.07270325428005
2017-04-25,238.53,0.1026060429897661,0.0859844231069106,0.5928746473779793
2017-04-26,238.44,0.2284012353398188,0.1789721241609311,-0.0377382229776004
2017-04-27,238.61,0.1365842599104885,0.1207383860119443,0.0712713582207794
2017-04-28,238.1,0.0554215729052222,0.0353397406315811,-0.2139666441116585
2017-05-01,238.65,0.0773268456430358,0.0575224545034917,0.2307289959088623
2017-05-02,238.79,0.0631554153985546,0.041651717511138,0.0586461142814058
2017-05-03,238.52,0.0840585216239969,0.097163641150865,-0.1131340339814509
2017-05-04,238.75,0.1646256815806923,0.180848708968065,0.0963815105934534
2017-05-05,239.72,0.0535510152293052,0.0595318494575628,0.4054596229144837
2017-05-08,239.68,0.0560094872427194,0.0491331138227924,-0.0166875261129767
2017-05-09,239.46,0.0849309118284756,0.0551883573716434,-0.0918312040157118
2017-05-10,239.86,0.0397840744130728,0.0396610174244199,0.1669031514877441
2017-05-11,239.41,0.1185873445951001,0.1271367232516703,-0.1877856457687503
2017-05-12,239.03,0.0414014251924736,0.0444419144377107,-0.1588496279178712
2017-05-15,240.25,0.0566578464234706,0.0610207221606063,0.5090980783692959
2017-05-16,240.1,0.0712241211188134,0.0309368278854309,-0.0624544623194341
2017-05-17,235.85,0.4096315505376413,0.3391545337450459,-1.7859493496936902
2017-05-18,236.75,0.4106063156397906,0.3688327186709647,0.380872233591693
2017-05-19,238.3,0.1310388238258823,0.1370267928554197,0.6525652038508944
2017-05-22,239.53,0.0658304822135144,0.0564069474940292,0.514828586210837
2017-05-23,240.03,0.0625740929161225,0.0470931663794157,0.2085245563337264
2017-05-24,240.59,0.0397547577653038,0.037352122767789,0.2330324386913524
2017-05-25,241.71,0.0932113324712281,0.0713400713925815,0.4644420540158525
2017-05-26,241.74,0.0354957682206093,0.045313008401986,0.0124107974096604
2017-05-30,241.52,0.0395280775854679,0.0282983883952026,-0.0910483032727507
2017-05-31,241.42,0.1302536592955633,0.1522430102552813,-0.0414130125602466
2017-06-01,243.33,0.0870621028679355,0.0860179687889023,0.7880391477382063
2017-06-02,244.14,0.0734916737124765,0.0788168183924972,0.3323284491290436
2017-06-05,243.96,0.0358211238552378,0.0396527661023405,-0.0737553813397976
2017-06-06,243.25,0.0685076908009922,0.0679241262025481,-0.2914556362141134
2017-06-07,243.65,0.0853335925588186,0.0801248563611805,0.1643048223400792
2017-06-08,243.77,0.1152365624129078,0.112503101658174,0.0492388504470319
2017-06-09,243.45,0.461982234746158,0.498293535712761,-0.131357516527567
2017-06-12,243.34,0.1824315703770438,0.1912538191190022,-0.0451940269406826
2017-06-13,244.52,0.073152764183679,0.0896445149755788,0.4837462801221568
2017-06-14,244.26,0.1842514605950153,0.1619328418090345,-0.1063873417582239
2017-06-15,243.79,0.1875753807159725,0.189201970423655,-0.1926032764236233
2017-06-16,242.63,0.1021069058633609,0.0814320505612318,-0.4769549767817883
2017-06-19,244.64,0.0547631274363659,0.0391740451411021,0.8250092969863754
2017-06-20,243.03,0.1089796998564671,0.0977386469220991,-0.6602849670242537
2017-06-21,242.95,0.1352308247285655,0.1454546896840063,-0.0329231658597606
2017-06-22,242.83,0.0901109965058333,0.0746753784521961,-0.0494050814940296
2017-06-23,243.15,0.0741364871965226,0.0540291001345389,0.1316926812823021
2017-06-26,243.27,0.1234825957684735,0.1197738161045161,0.0493400774780867
2017-06-27,241.36,0.2176152879974874,0.1507257771821786,-0.7882342773769939
2017-06-28,243.46,0.0903027949717693,0.0755541994184702,0.8663063130644525
2017-06-29,241.39,0.4701892641373227,0.5509520355595015,-0.853877519677157
2017-06-30,241.77,0.2406400617680094,0.1930232170804616,0.1572978219850891
2017-07-03,242.32,0.0883161570214478,0.0821306529492807,0.2272305714452104
2017-07-05,242.77,0.1004198635606065,0.113530427437464,0.1855326348033873
2017-07-06,240.58,0.1862177785396777,0.1909463900687713,-0.906181850108899
2017-07-07,242.1,0.0710626602911798,0.074189885592371,0.6298189378086206
2017-07-10,242.36,0.069144717091764,0.0697496482053437,0.1073360132775681
2017-07-11,242.16,0.2049405351213981,0.1978203321443059,-0.0825559363325158
2017-07-12,243.98,0.0834599807177897,0.0746849562052839,0.7487590007128258
2017-07-13,244.41,0.0493402307865665,0.0437425135017783,0.1760888270068699
2017-07-14,245.54,0.0600942413686977,0.0656072102039281,0.4612723762033743
2017-07-17,245.51,0.0298736293787611,0.026601349768678,-0.0122187150136719
2017-07-18,245.69,0.0673507157858953,0.0545799241805416,0.0732899055607126
2017-07-19,246.99,0.0307360063124689,0.0265783406743557,0.5277271320280098
2017-07-20,247.07,0.1121603443809465,0.1132484416848687,0.0323847308825511
2017-07-21,246.89,0.0435329758023744,0.03417696802387,-0.0728803983996013
2017-07-24,246.81,0.0257629146523699,0.0243039979309606,-0.0324083454325202
2017-07-25,247.39,0.0555094097407368,0.0568227364913314,0.234722892064613
2017-07-26,247.44,0.0791441245174737,0.0722383126277302,0.0202089607219436
2017-07-27,247.22,0.3445563516217375,0.3641699614544498,-0.0889499917137121
2017-07-28,246.9,0.0436968778888274,0.061435074919158,-0.1295232108543264
2017-07-31,246.74,0.0783479910651775,0.0609574704521832,-0.0648245707815222
2017-08-01,247.31,0.0724455529351526,0.083258405099183,0.2307459783048643
2017-08-02,247.435,0.1422861322604167,0.1438029974319042,0.0505310827435492
2017-08-03,246.97,0.0608544382389657,0.0454798777617837,-0.1881049492262249
2017-08-04,247.4,0.1010537674474193,0.1099704965946751,0.1739588196847047
2017-08-07,247.85,0.0144735273280658,0.0161551288448845,0.1817264508195312
2017-08-08,247.29,0.104196606383968,0.0865709068507906,-0.2261987473337033
2017-08-09,247.23,0.1411205614881066,0.1432399408819309,-0.0242659549843975
2017-08-10,243.79,0.2525490307778752,0.2043534532341835,-1.401187846469558
2017-08-11,244.11,0.1571681530580446,0.1683532644073788,0.1311744397969405
2017-08-14,246.52,0.0857415707052039,0.0927038801919784,0.9824182717366712
2017-08-15,246.53,0.0907267948400707,0.0943440458949108,0.0040563837344502
2017-08-16,246.92,0.0687672566896871,0.0758193116100864,0.1580707594308185
2017-08-17,243.13,0.3181795517981475,0.2794453593190352,-1.5468117811753193
2017-08-18,242.68,0.3444650818073035,0.3973959996398931,-0.1852576639844712
2017-08-21,242.93,0.145594716783108,0.1103886599318888,0.1029632923894977
2017-08-22,245.4,0.145026554946054,0.0649008661437356,1.0116196278818903
2017-08-23,244.53,0.1187528005980798,0.1222645558824851,-0.3551531502335304
2017-08-24,244.03,0.2070453807908461,0.1967515661050611,-0.2046832219434346
2017-08-25,244.54,0.1034568188084741,0.0545767651872608,0.2087726161002578
2017-08-28,244.59,0.065499927861586,0.0619870268446982,0.0204444626885265
2017-08-29,244.85,0.1066948081407049,0.1211367255445067,0.1062438805397143
2017-08-30,246.03,0.0806869594658374,0.0652966305773232,0.4807701568103077
2017-08-31,247.43,0.0697559993124292,0.0670594014515095,0.5674234006025549
2017-09-01,247.88,0.0461917282934971,0.0440653523686815,0.1817044371451776
2017-09-05,246.09,0.3271864144239263,0.2778184332166111,-0.7247435411138481
2017-09-06,246.91,0.0744707523600246,0.0626762804356174,0.3326575075795094
2017-09-07,246.89,0.0876180453857167,0.0859003535126024,-0.0081004455289338
2017-09-08,246.56,0.0543594390459406,0.0502991980665248,-0.1337521731468224
2017-09-11,249.18,0.0636440986204218,0.0386910829732556,1.0570155298911652
2017-09-12,250.07,0.0477842070123188,0.0453675391938787,0.3565351798845101
2017-09-13,250.17,0.0401312318715009,0.0456267372364234,0.0399808097441382
2017-09-14,250.1,0.0367761738954159,0.0499591170972471,-0.0279848883430305
2017-09-15,249.25,0.0230671560478163,0.019289647746526,-0.3404429041625642
2017-09-18,249.7,0.0605810249344585,0.0676612731229322,0.1803788443779779
2017-09-19,249.96,0.0420530307111962,0.037764365051003,0.1040707775153554
2017-09-20,250.09,0.087655365735357,0.0540575948284396,0.0519948016913262
2017-09-21,249.4,0.0448189645268456,0.0545114394947139,-0.2762819831858122
2017-09-22,249.43,0.0312938456212592,0.0333313703908081,0.0120281458758146
2017-09-25,248.93,0.1304444060945725,0.1267473722093174,-0.2006582260877725
2017-09-26,249.06,0.0569660380709774,0.0603228943678749,0.0522098849185784
2017-09-27,250.03,0.0909862665051568,0.0904246159302972,0.3887079369820033
2017-09-28,250.34,0.0488658948118295,0.0431639887582769,0.1239083237055173
2017-09-29,251.2,0.0459875633090235,0.0413329501453689,0.3429440694166079
2017-10-02,252.28,0.0547192841127635,0.058407577980155,0.4290147201406941
2017-10-03,252.85,0.0254448179633538,0.0335117544744284,0.2256845730541528
2017-10-04,253.16,0.0594254829650413,0.0642538688770128,0.1225272381112551
2017-10-05,254.65,0.0330706987617304,0.0396271829403609,0.5868353423509005
2017-10-06,254.4,0.0411788851946195,0.0283513308656654,-0.0982221864646581
2017-10-09,253.96,0.0485610548374704,0.0332829679774533,-0.1731057163717947
2017-10-10,254.6,0.0654692207228038,0.0800706076723942,0.2516911821056991
2017-10-11,255.0,0.026366118479673,0.0315422775764962,0.1569859035120052
2017-10-12,254.6,0.0395841927657369,0.0338236933336057,-0.1569859035120017
2017-10-13,254.92,0.0355705731787515,0.034775773836576,0.1256084322787136
2017-10-16,255.3,0.0257474200877877,0.0255121370842937,0.148955380134487
2017-10-17,255.46,0.0205294128430423,0.0161845469983367,0.0626517367192544
2017-10-18,255.69,0.0235480882516323,0.0235630748886626,0.0899931587685242
2017-10-19,255.82,0.0723105131537247,0.065274201334193,0.0508298968931017
2017-10-20,257.09,0.0516233668721647,0.0587502522993898,0.4952145972701284
2017-10-23,256.14,0.0716361198324198,0.0815905542779089,-0.3702048146022724
2017-10-24,256.54,0.0524620739496594,0.0602096309675355,0.1560427873779
2017-10-25,255.3,0.2837334884684764,0.3004574939834736,-0.4845273624266586
2017-10-26,255.59,0.116635388225788,0.1077215138142636,0.1135273859919428
2017-10-27,257.69,0.1060010256206862,0.0923447352406801,0.8182713986238966
2017-10-30,256.8,0.1186442894094072,0.1246238625791485,-0.3459740277790397
2017-10-31,257.11,0.0289042829734079,0.0340234141252888,0.1206437071083051
2017-11-01,257.51,0.0941126514625109,0.0908649697395503,0.1554545414300649
2017-11-02,257.62,0.1988111726585409,0.1172284954748169,0.0427076666751843
2017-11-03,258.45,0.0496615655039355,0.0493123621930952,0.3216620674106439
2017-11-06,258.83,0.0244354466902281,0.021887638368697,0.1469223895593228
2017-11-07,258.7,0.1052811159640867,0.0849356765155709,-0.050238634565824
2017-11-08,259.12,0.0616433726033114,0.0659667142089124,0.1622185671090419
2017-11-09,258.2,0.2304566397193475,0.260978830367392,-0.355679645053176
2017-11-10,258.09,0.0611376616345747,0.0730740015639119,-0.0426117111175779
2017-11-13,258.34,0.0694662811603906,0.0756327331583348,0.0968185502502911
2017-11-14,257.75,0.1105699783596768,0.1214725188073282,-0.2286423906800078
2017-11-15,256.44,0.2479875333843339,0.1443700754462712,-0.5095403778012794
2017-11-16,258.61,0.0621094431473913,0.062077946906366,0.8426416231292227
2017-11-17,257.89,0.0384221559343157,0.0323498131896918,-0.2787997933691797
2017-11-20,258.285,0.0163650556590034,0.0109624919153044,0.1530488989602048
2017-11-21,259.96,0.0358010191748819,0.0325372788546864,0.6464146619889017
2017-11-22,259.77,0.0257691437888623,0.0222824753206087,-0.073114889832863
2017-11-24,260.34,0.0067427012201094,0.0064429453093534,0.2191844910494805
2017-11-27,260.26,0.0566749955441417,0.0445050078776634,-0.0307337689702959
2017-11-28,262.85,0.1332454522394552,0.1438455404602192,0.9902395916846014
2017-11-29,262.73,0.1480132947219145,0.1371269653215522,-0.0456638388390702
2017-11-30,264.88,0.3241810151494778,0.3751113300215902,0.8150004361924408
2017-12-01,264.44,1.2216226101649104,1.4374870251899403,-0.1662510773613414
2017-12-04,264.13,0.1875548162288388,0.1632390507960497,-0.1172976277667645
2017-12-05,263.19,0.151327011203136,0.1533902554583822,-0.3565201379307578
2017-12-06,263.21,0.1317133036668635,0.1267346948095562,0.007598784198181
2017-12-07,264.05,0.1198723965800239,0.1279658336551446,0.3186286502558191
2017-12-08,265.49,0.0636374295011084,0.0517922063292332,0.5438696036288115
2017-12-11,266.34,0.0754581314331716,0.0582121085582998,0.3196512884768498
2017-12-12,266.79,0.04937106942207,0.0487839490205233,0.168814400565962
2017-12-13,266.73,0.1080023879294394,0.080715966323476,-0.0224921278501132
2017-12-14,265.67,0.1607719293452917,0.1420762171567245,-0.3981973706322608
2017-12-15,266.53,0.1154152280966893,0.0954236570650624,0.3231870531970156
2017-12-18,268.175,0.0558327285674933,0.0388065348044544,0.6152944856688194
2017-12-19,267.22,0.1032587948100448,0.1009993917563522,-0.3567463322744955
2017-12-20,267.05,0.1665669674046644,0.1213658510036543,-0.0636382374968675
2017-12-21,267.57,0.0703759926603633,0.0751931982266985,0.1945307560446306
2017-12-22,267.49,0.0402668028687396,0.0413301500858827,-0.0299031886502912
2017-12-26,267.17,0.0279270782488426,0.026405563167381,-0.1197022549693933
2017-12-27,267.34,0.0270422645792908,0.0183698110402318,0.0636096633297915
2017-12-28,267.86,0.014555273705287,0.0134314876053768,0.194319941564931
2017-12-29,266.88,0.1104499618217673,0.0722431049123842,-0.3665336788594172
2018-01-02,268.8,0.0615089248590079,0.070145605354963,0.7168489478612496
2018-01-03,270.47,0.0570007327902057,0.0594586208507785,0.6193577756917066
2018-01-04,271.63,0.0898320725747536,0.0739302302201504,0.4279659732508974
2018-01-05,273.4,0.0928735256748326,0.0765621129550766,0.6495078151428395
2018-01-08,273.93,0.054620724656937,0.0583238366847017,0.1936675006509333
2018-01-09,274.53,0.1502368059736535,0.1342789940546365,0.2187945299037955
2018-01-10,274.1,0.1149943024412076,0.1009826258202318,-0.1567541286656221
2018-01-11,276.09,0.076824005945228,0.0631426379375312,0.723389621013502
2018-01-12,277.93,0.1014169921591457,0.1230487260575777,0.6642383904030547
2018-01-16,276.97,0.3653050654620773,0.3833488610020457,-0.3460086349884947
2018-01-17,279.61,0.167641263902514,0.1821892223140113,0.9486578026181628
2018-01-18,279.17,0.13778244469629,0.1383928321590344,-0.1574859840867833
2018-01-19,280.38,0.0995139533868253,0.0950563542449964,0.4324910682055302
2018-01-22,282.67,0.1380899590831987,0.137957971616639,0.8134313566703518
2018-01-23,283.26,0.148778378673326,0.1463917045034108,0.2085064279157149
2018-01-24,283.18,0.3623228883099902,0.3131852832919628,-0.0282465929425484
2018-01-25,283.29,0.2682199045880417,0.246178376822543,0.0388370086262744
2018-01-26,286.56,0.0867492263639613,0.0638555998059325,1.1476830369313995
2018-01-29,284.68,0.2285934780279486,0.2151647236963408,-0.6582195881331295
2018-01-30,281.64,0.4368936891428144,0.4006492023852945,-1.0736082780137992
2018-01-31,281.91,0.277214484722308,0.3407110527119024,0.0958211412150951
2018-02-01,281.59,0.3366795236819356,0.3699559842180337,-0.1135758773375879
2018-02-02,275.51,0.5935764183352794,0.6359468208398852,-2.182818671482844
2018-02-05,264.18,6.2509984640928815,8.199477201177755,-4.199323657916166
2018-02-06,269.2,7.935116172172375,8.834131693472605,1.8823908774855267
2018-02-07,267.65,1.826310963716173,1.8940130111874145,-0.5774440931182538
2018-02-08,257.74,2.669435804890577,2.47251248426258,-3.7728831979145063
2018-02-09,261.7,7.356226650480915,8.288798040504762,1.5247484675854976
2018-02-12,265.27,1.0502027183314486,0.9290066526739996,1.3549365681016774
2018-02-13,266.0,0.4814902353381757,0.5588513939282532,0.274813356458211
2018-02-14,269.71,0.8568555067137906,0.8203793529422744,1.3850998911680306
2018-02-15,273.01,0.5742119336074624,0.6104579084079542,1.216111685734686
2018-02-16,273.1,0.6952889141115206,0.6118035491532491,0.0329603928933008
2018-02-20,271.43,0.6797544422803599,0.7511897514475835,-0.6133749236396542
2018-02-21,269.99,0.9586813729355084,0.4390447780055631,-0.531935796781314
2018-02-22,270.3,0.9840902170606542,1.2598915202870355,0.1147532006952268
2018-02-23,274.69,0.3540469256806215,0.2813712085465076,1.6110735807100092
2018-02-26,277.9,0.3423008872278981,0.3628031114806532,1.1618147658955815
2018-02-27,274.38,0.8822401854421664,0.8267533312536173,-1.2747329850439175
2018-02-28,271.33,1.067730602300376,1.1107506352434593,-1.1178214651334597
2018-03-01,267.73,2.032846205113542,2.4062034922102424,-1.335678225403663
2018-03-02,269.13,1.132146095260686,1.0706311341447754,0.5215524246654255
2018-03-05,272.2,0.6675293792621566,0.7176412464246572,1.1342555978063873
2018-03-06,272.9,0.5673193455542324,0.5630272068103842,0.2568337496927051
2018-03-07,272.8,0.6456295560479731,0.6177021700245718,-0.0366501744985591
2018-03-08,274.08,0.3630314621433629,0.3827129828445204,0.4681108606502695
2018-03-09,278.82,0.1988734986032777,0.2164702204010407,1.7146377749132178
2018-03-12,278.5,0.369696690291877,0.3489101234830363,-0.1148352957603218
2018-03-13,276.69,0.4452906715753196,0.4631224305416971,-0.652031345160154
2018-03-14,275.27,0.665014781360753,0.4783614277037495,-0.514531173557091
2018-03-15,275.0,0.3702621395430694,0.399721242599111,-0.0981336513595017
2018-03-16,274.2,0.1731344724260715,0.1537319274354688,-0.291333053835734
2018-03-19,270.49,0.7688161188478722,0.9261030792640572,-1.3622638101742164
2018-03-20,270.94,0.2381542950184262,0.2352996169302733,0.1662265126118645
2018-03-21,270.44,0.6059613067880565,0.5284297454652631,-0.1847131930113148
2018-03-22,263.68,1.09201022102136,0.9173064455799704,-2.531401550137024
2018-03-23,258.01,1.6544602216429047,1.9652318920340208,-2.173790286070442
2018-03-26,265.17,0.8685380345113564,1.0029701941767992,2.737278588056376
2018-03-27,260.51,2.030230664169662,1.913367551100636,-1.7729881568403325
2018-03-28,259.84,2.9474751677882085,3.571337190255365,-0.2575191199249979
2018-03-29,263.49,1.1964666648845743,1.3023032292790315,1.394935962382261
2018-04-02,257.54,1.8502725932320068,1.6812458405086157,-2.284036875149793
2018-04-03,260.77,1.7240350175483592,1.7846007616773538,1.2463744915477812
2018-04-04,263.83,1.2612021224135412,1.2381189362694935,1.1666163573241557
2018-04-05,265.63,0.8337136325420609,0.7574595565738468,0.6799406696575302
2018-04-06,259.79,1.5329603515443206,1.5889212855094403,-2.2230750682272777
2018-04-09,260.86,0.859221952755173,0.7347119178552094,0.4110252593477277
2018-04-10,265.12,1.0107508668456782,1.1992318260841863,1.6198688736115685
2018-04-11,263.76,0.5411163862566246,0.5339240444479948,-0.5142954914777241
2018-04-12,265.9,0.5450877867214852,0.5645514243973421,0.8080699485498395
2018-04-13,265.15,0.699701943060349,0.7393665725494899,-0.2824594665835112
2018-04-16,267.34,0.332737373205038,0.3374444309927801,0.8225552960187911
2018-04-17,270.15,0.1770350837894833,0.1316159601567278,1.0456103746747898
2018-04-18,270.36,0.2044730603997244,0.1953323082507555,0.0777043942078645
2018-04-19,268.87,0.4315870683375608,0.4202445957112232,-0.5526412819026717
2018-04-20,266.62,0.5083462759239445,0.3881863788293649,-0.8403567727595824
2018-04-23,266.58,0.3047898315665189,0.2894569937526685,-0.0150037509658844
2018-04-24,263.03,1.0295024950067146,0.89849321245725,-1.340629206235284
2018-04-25,263.57,0.903811721654354,1.0821462233684702,0.2050893236905971
2018-04-26,266.31,0.2918447389885745,0.3704329710763508,1.0342056397912522
2018-04-27,266.58,0.3233871522628194,0.3301097597911307,0.1013342427534354
2018-04-30,264.44,0.5147740523886768,0.2887500278250724,-0.8060003710494635
2018-05-01,265.0,0.5092869759821675,0.5541161140611203,0.2115443520844832
2018-05-02,263.2,0.4635577075190639,0.4503068566493742,-0.6815626535060093
2018-05-03,262.61,1.323083166549219,1.4632384833487877,-0.2244157576368816
2018-05-04,266.0,0.3734279404784393,0.3399456252613861,1.282626690690574
2018-05-07,266.9,0.2562496136208597,0.2084320454574251,0.3377747628779216
2018-05-08,266.89,0.4088043931716786,0.3030301246285589,-0.0037467918099481
2018-05-09,269.48,0.3090413214212955,0.2139833366222876,0.9657587600080326
2018-05-10,272.01,0.2018972765221639,0.1820302828907454,0.934465423361513
2018-05-11,272.62,0.1875049097889133,0.1961199814526681,0.2240053816622492
2018-05-14,272.91,0.1877029444389689,0.1752567744653836,0.106318635938317
2018-05-15,271.04,0.455431578863294,0.4455178393252564,-0.6875659038390654
2018-05-16,272.21,0.2172055054656489,0.2437029904758632,0.4307415771736253
2018-05-17,272.01,0.2177788730810044,0.1591934719535022,-0.0734996909351557
2018-05-18,271.34,0.1604653552492757,0.1643034298350091,-0.2466183268911976
2018-05-21,273.36,0.1919808746187677,0.1389762533697961,0.7416960749874096
2018-05-22,272.56,0.1337605902440085,0.0895861809406949,-0.2930834454325278
2018-05-23,273.38,0.3462672533603316,0.2827044107521728,0.300399537179583
2018-05-24,272.84,0.3487211678968077,0.4202900655897402,-0.1977225937988437
2018-05-25,272.18,0.1238672735318384,0.1340880836649712,-0.2421930654346875
2018-05-29,269.1,0.6090858792887204,0.578675494238431,-1.138055439931131
2018-05-30,272.58,0.2294636132640296,0.1842678962153246,1.2849091266506638
2018-05-31,270.75,0.3402044871322262,0.3000117874794447,-0.6736263118266828
2018-06-01,273.64,0.1150196656567065,0.1139958124264465,1.0617488011697171
2018-06-04,274.9,0.0888037531007199,0.0819843280372032,0.4594021278402727
2018-06-05,275.2,0.1473181911160732,0.1628440943399489,0.1090710887988538
2018-06-06,277.5,0.1609096967397646,0.1401222009829087,0.8322827127300703
2018-06-07,277.33,0.3162053838145003,0.4006017370644142,-0.0612800336391146
2018-06-08,278.2,0.1198388499574494,0.1026191762809697,0.3132146639244399
2018-06-11,278.57,0.0728149917401139,0.0413989678707912,0.1329094794859245
2018-06-12,278.98,0.0921332631102564,0.1079984798267788,0.1470720379887609
2018-06-13,277.95,0.1930348877284079,0.2016194999746759,-0.3698853264610802
2018-06-14,278.72,0.133049917250966,0.0885071860129732,0.2766452264659673
2018-06-15,277.2,0.2717159193629593,0.2522088109337693,-0.5468426348389896
2018-06-18,276.57,0.1498843972224756,0.1603332066254086,-0.2275313837135428
2018-06-19,275.51,0.333534601420744,0.179791499007677,-0.3840027903733587
2018-06-20,275.99,0.071314915545524,0.0832916986268844,0.1740707601822401
2018-06-21,274.23,0.2897236915214281,0.2812357682403302,-0.639746284286436
2018-06-22,274.72,0.1474780817105838,0.0865398588171272,0.1785226815328282
2018-06-25,271.01,0.9952694606614692,0.9364302534106944,-1.3596676581262863
2018-06-26,271.56,0.2639191818618007,0.2460205208918975,0.2027388865543674
2018-06-27,269.27,0.7143679927446571,0.7720575483941259,-0.8468515747059119
2018-06-28,270.95,0.5607864936282212,0.5462139784794313,0.6219708325735954
2018-06-29,271.2,0.2771330333754072,0.2407021342747093,0.0922254054117302
2018-07-02,271.93,0.3301326116762978,0.439154969304212,0.2688124167629558
2018-07-03,270.83,0.1227635417413646,0.1522607354684147,-0.4053362466135249
2018-07-05,273.09,0.2405190555888662,0.2170916560255517,0.8310093417572271
2018-07-06,275.37,0.2434750145934836,0.26840530606486,0.8314236713802298
2018-07-09,277.89,0.0744759666513132,0.0809265650598679,0.9109704034936464
2018-07-10,278.81,0.0965414299062031,0.1024990462214055,0.3305194314820364
2018-07-11,276.9,0.2056110644221692,0.2127203235700564,-0.6874116071950088
2018-07-12,279.3,0.132510780215164,0.1610961998401284,0.8630042774214969
2018-07-13,279.57,0.0885472773940092,0.0994187436921083,0.0966235514542686
2018-07-16,279.35,0.0854770211970237,0.0823549227335569,-0.0787232560515961
2018-07-17,280.5,0.0999691470448302,0.0999058823271362,0.4108249057593182
2018-07-18,281.05,0.0573662799980607,0.06119524784093,0.1958864485332971
2018-07-19,280.03,0.1514321294753776,0.1491824265523421,-0.3635849161077621
2018-07-20,279.73,0.0763202258815157,0.073920570647305,-0.1071888054607574
2018-07-23,280.24,0.0599578344725409,0.0529575083340466,0.1821526656832625
2018-07-24,281.57,0.2514544302593469,0.2133960176269126,0.4734705628587443
2018-07-25,284.14,0.2537355802945295,0.2507343545749535,0.908598992611214
2018-07-26,283.29,0.1043088639136533,0.1153118785794597,-0.2995966500843348
2018-07-27,281.46,0.3111471289458656,0.2423431538898041,-0.648076637466602
2018-07-30,279.89,0.1927277712615876,0.161252853943256,-0.5593672730613206
2018-07-31,281.22,0.1501790730688957,0.1551193474220912,0.4740612324861498
2018-08-01,280.92,0.111749478335555,0.1067023091685866,-0.1067349871850052
2018-08-02,282.34,0.1561193857184779,0.164583029631788,0.5042087165233731
2018-08-03,283.64,0.0797275984822207,0.0645733711011255,0.4593809979742348
2018-08-06,284.68,0.0605999353127814,0.0723307826623273,0.3659913995274601
2018-08-07,285.54,0.0769112660020157,0.0896307029136483,0.3016381930003824
2018-08-08,285.41,0.0794464002347284,0.0917309654394093,-0.0455381389776748
2018-08-09,285.05,0.0643488931854597,0.0482220609165236,-0.1262139493706481
2018-08-10,283.11,0.2020503783057011,0.1976900391352064,-0.6829088776239569
2018-08-13,282.05,0.1995570284352046,0.1839365814881025,-0.3751154515366284
2018-08-14,283.85,0.1246769620081077,0.1410285764339479,0.6361569430750245
2018-08-15,281.75,0.4554939290434077,0.4541022887635031,-0.7425776696849651
2018-08-16,284.09,0.104490012650264,0.1154940617994788,0.8270936447125591
2018-08-17,285.01,0.166967699223676,0.1443819573655912,0.3233178005377948
2018-08-20,285.71,0.0557487725788597,0.0594382346784006,0.2453043001878682
2018-08-21,286.25,0.081283112000236,0.0719760644757485,0.1888244494181504
2018-08-22,286.19,0.1011117563172296,0.1186162332622509,-0.0209628957514197
2018-08-23,285.77,0.1336041017347643,0.1344292881039025,-0.1468634434194907
2018-08-24,287.51,0.084152201496421,0.0811147586236756,0.607035076445951
2018-08-27,289.72,0.0797210031006936,0.0752029700928513,0.7657297085925484
2018-08-28,289.87,0.0975369765695758,0.0939254658202776,0.0517607285663914
2018-08-29,291.48,0.0733857553423233,0.0750007170737961,0.5538846189292252
2018-08-30,290.24,0.1738432916717689,0.1478828045811373,-0.4263225875309738
2018-08-31,290.23,0.171195566355007,0.1697955441153373,-0.0034454838324018
2018-09-04,289.87,0.2301753301660374,0.2413591143099091,-0.1241165475658509
2018-09-05,289.05,0.2790655353151832,0.2445479743928137,-0.283286308430409
2018-09-06,288.19,0.3408073982151056,0.3830957402896834,-0.2979698691358518
2018-09-07,287.55,0.2786022275276908,0.263675685005123,-0.2223226677363406
2018-09-10,288.1,0.108485804316752,0.1207640255737759,0.1910883930719657
2018-09-11,289.12,0.1551744466098383,0.1481294494974794,0.3534184753435469
2018-09-12,289.16,0.208606353775276,0.1547702969915038,0.0138341288178178
2018-09-13,290.82,0.1273354901047916,0.1376643324228492,0.5724350953243208
2018-09-14,290.9,0.1266923492011031,0.102133301215482,0.0275046415816239
2018-09-17,289.34,0.0810178352277756,0.0804931616979288,-0.5377098299711824
2018-09-18,290.9,0.1392724168887716,0.0774698152020022,0.5377098299711764
2018-09-19,291.25,0.1072262311241119,0.1057565120774799,0.1202439378754512
2018-09-20,293.54,0.0533971972454371,0.0655268044514594,0.7831911303142434
2018-09-21,292.01,0.0578127182253857,0.0594499726565221,-0.5225867925829194
2018-09-24,291.07,0.0886340079337783,0.0982448219365416,-0.322426018502346
2018-09-25,290.7,0.0820337102408393,0.0791215129778076,-0.1271980507370027
2018-09-26,289.85,0.2905332935044435,0.2562927390965722,-0.2928259779088222
2018-09-27,290.65,0.0814499082799724,0.0662255653046154,0.2756246361617628
2018-09-28,290.61,0.1211025047674473,0.1199802531608397,-0.013763204095626
2018-10-01,291.67,0.1031289571457229,0.0815517174562282,0.3640864089224387
2018-10-02,291.57,0.1744134511524371,0.1473398327401842,-0.0342912012138829
2018-10-03,291.79,0.1537962353277748,0.162903301061756,0.0754251269986832
2018-10-04,289.48,0.3871779506371789,0.3055234603535831,-0.7948155455548793
2018-10-05,287.89,0.4991188704381244,0.5037411310964973,-0.5507747265783053
2018-10-08,287.8,0.6504339206172766,0.6449467403204582,-0.0312668278876451
2018-10-09,287.43,0.5088670636533097,0.4478769653979489,-0.1286442122375775
2018-10-10,278.18,2.0257090604129924,1.863004851926581,-3.271096615190758
2018-10-11,272.25,3.776445661492368,2.9917921127658005,-2.1547624365914304
2018-10-12,276.01,1.8643978895846076,2.044283632592078,1.3716335131779231
2018-10-15,274.46,1.0080028344325298,0.9202553056115016,-0.5631566103362036
2018-10-16,280.29,0.4106874410283691,0.4807313947021971,2.101925063148698
2018-10-17,280.41,0.915391874228541,0.8363484985015315,0.0428036389627861
2018-10-18,276.47,1.073044522762107,1.0943772373031626,-1.415050188250576
2018-10-19,276.19,0.8362664065031805,0.8143421217446569,-0.1013281308425698
2018-10-22,275.06,0.6997720687840443,0.6319979467392012,-0.4099778985108657
2018-10-23,273.52,1.5301838533333525,1.3834894539364877,-0.561451035551599
2018-10-24,265.22,2.304566677718858,2.0822957768540755,-3.081507508159277
2018-10-25,270.14,1.038174080325789,1.2753685348787218,1.838067288316492
2018-10-26,265.29,2.7498450643437025,2.9940291100829866,-1.8116775876864493
2018-10-29,263.78,2.0083241083267422,1.9727337422489928,-0.5708144858014896
2018-10-30,267.82,2.2320917835938947,2.152866453436028,1.5199690669681374
2018-10-31,270.69,0.7019565405692983,0.802211285890615,1.0659141607098892
2018-11-01,273.5,0.5811524925392269,0.6384868011790672,1.032736718751694
2018-11-02,271.8,1.5195578618171877,1.2923729412650895,-0.6235120144992553
2018-11-05,273.44,0.2850489257124236,0.2224672823816852,0.6015717650237336
2018-11-06,275.1,0.3786317070198435,0.3051419142848371,0.6052448563248103
2018-11-07,280.91,0.4173065339713996,0.4891760650567326,2.0899665403609795
2018-11-08,280.44,0.3248450459793744,0.4035477823532969,-0.1674534995371899
2018-11-09,277.83,0.5652113030075808,0.515149896626234,-0.9350382488479616
2018-11-12,272.49,0.9781956308180112,0.9693921145181708,-1.940749966805537
2018-11-13,272.06,1.476904820291999,1.5260113989985822,-0.1579285976947936
2018-11-14,270.14,1.307079798749002,1.181806250811659,-0.7082287072665985
2018-11-15,273.04,1.7735269645480092,1.9117258400499284,1.0677961465833583
2018-11-16,273.65,0.9813965921281308,1.0193561161226066,0.2231612991475462
2018-11-19,269.12,0.7913503854166529,0.8272375909858267,-1.6692540805343876
2018-11-20,264.2,1.4574776236701636,1.6487250048793378,-1.8450984696358304
2018-11-21,265.07,0.3308567624493987,0.3362403036894704,0.3287549959675527
2018-11-23,263.36,0.3731924073762614,0.3575323486883872,-0.647202455919546
2018-11-26,267.46,0.4406473297038031,0.4760751456319736,1.54481049559454
2018-11-27,268.34,0.4322318703194351,0.5359690703329159,0.328481071767509
2018-11-28,274.51,1.2546182763744222,0.5791969827672265,2.2732856996203488
2018-11-29,273.96,0.4775726573109474,0.3766959185799611,-0.2005579828824601
2018-11-30,275.75,0.2129622996040117,0.2038871910938019,0.6512547803907522
2018-12-03,279.23,0.5336849356914546,0.5235871160951256,1.2541156839016794
2018-12-04,270.49,1.5908397055081158,1.7444684734820397,-3.180068594615681
2018-12-06,269.93,2.8295225288903514,3.2495693576282174,-0.2072462900847825
2018-12-07,263.65,2.436042497547487,2.1174010705300628,-2.354020014914524
2018-12-10,264.08,2.7659363113227395,2.776319442380338,0.1629621568458713
2018-12-11,264.09,1.3259448417512074,1.1268959020220872,0.003786659598694
2018-12-12,265.51,1.014706833391251,1.0527148322346491,0.5362550615196445
2018-12-13,265.37,0.97117266023721,1.0264099026949256,-0.0527426172564005
2018-12-14,260.49,0.7002228750970615,0.6501440867051073,-1.8560605842893323
2018-12-17,255.3,1.6479256267721856,1.39353369840113,-2.012514849322529
2018-12-18,255.16,1.812714218103593,1.9630114687078917,-0.0548524873683622
2018-12-19,251.2,4.495067542671162,4.338201643456357,-1.5641364779710996
2018-12-20,247.24,4.589549881180279,4.642966021494372,-1.588990980297101
2018-12-21,240.7,4.106029568878515,3.822992917621111,-2.680818000204634
2018-12-24,234.4,2.1252253236467173,1.6452943887303613,-2.6522287086168657
2018-12-26,245.92,4.264722763469455,4.753691682195883,4.797722208742815
2018-12-27,248.2,3.995320316084236,4.402371753187967,0.9228592980221052
2018-12-28,247.82,2.2012882248305483,2.4881369604098,-0.1532196582159972
2018-12-31,250.12,0.888118430682624,0.7250914094858507,0.923812651075041
2019-01-02,250.26,1.8123825624215832,1.7184388200455645,0.0559574737811644
2019-01-03,244.13,2.360784821501288,2.206251801660736,-2.4799507139001093
2019-01-04,252.47,1.8492319658765688,1.6592459168377076,3.3591559477627944
2019-01-07,254.29,0.5528133349563634,0.5814033530089847,0.7182918245840153
2019-01-08,256.69,0.8058322422563,0.7032879418852105,0.939378311717204
2019-01-09,257.88,0.8010643033905184,0.772049861342523,0.462522930387141
2019-01-10,258.94,0.6914453267955409,0.4616078668779344,0.410201418808174
2019-01-11,258.91,0.2957933304277966,0.2862610520542191,-0.0115863667214623
2019-01-14,257.46,0.2476635180781486,0.2410952173431777,-0.5616142731798349
2019-01-15,260.38,0.4884045671167732,0.3268278163331141,1.127773423776267
2019-01-16,260.95,0.2355213442924145,0.1975030605027747,0.2186715620171182
2019-01-17,262.98,0.8648341589603797,0.9932938510812775,0.7749165569350616
2019-01-18,266.42,0.3603544982049658,0.3927290157809486,1.2996027264543943
2019-01-22,262.93,0.8309124864457736,0.860691179322093,-1.31861738681478
2019-01-23,263.31,0.5513746438987631,0.5806505473780583,0.1444208216966983
2019-01-24,263.62,0.3385993885663371,0.3677188713894821,0.1176627012183768
2019-01-25,265.82,0.2707398256210917,0.1997976170388684,0.8310715708866989
2019-01-28,263.78,0.305503261987101,0.2771816096715534,-0.7703965595448092
2019-01-29,263.43,0.3354419188107893,0.3124412084110376,-0.1327744357724714
2019-01-30,267.59,0.6384518072693006,0.5513018707376665,1.5668280308040323
2019-01-31,269.89,0.2726311046700682,0.2861071486697677,0.855851022996767
2019-02-01,270.09,0.4446016599456453,0.4368873391165961,0.0740768210472993
2019-02-04,271.99,0.2050849978719275,0.2213547834007872,0.7010064125781669
2019-02-05,273.19,0.1564344955452698,0.1599472742709501,0.4402222891360594
2019-02-06,272.75,0.1730523514731473,0.2198203871225232,-0.1611899092457108
2019-02-07,270.19,0.561104283928225,0.5468659842873068,-0.9430209494456532
2019-02-08,270.48,0.3799202708691948,0.3545327593295691,0.1072743180906923
2019-02-11,270.65,0.1935260748869431,0.1906791742303833,0.0628314843356252
2019-02-12,274.12,0.1909405993248604,0.1729048196738501,1.2739493474636054
2019-02-13,274.98,0.2072050979763546,0.1464192562174504,0.3132401031464844
2019-02-14,274.38,0.3303646370722163,0.343959767004257,-0.218436085106897
2019-02-15,277.39,0.1539359833384903,0.1770146582140467,1.0910451306254252
2019-02-19,277.85,0.1657395346273298,0.1490918472301878,0.1656941521657214
2019-02-20,278.44,0.211287042660771,0.2275881101398096,0.2121196574535402
2019-02-21,277.46,0.2356979611483435,0.2199644945362724,-0.3525817647886295
2019-02-22,279.16,0.1480330897471877,0.1215214080772861,0.6108315496371614
2019-02-25,279.57,0.1527044219686444,0.182352428808029,0.1467614316722721
2019-02-26,279.34,0.235288714042464,0.2705848800996196,-0.082303058804861
2019-02-27,279.23,0.1772553752807065,0.1801836272719721,-0.0393862904996503
2019-02-28,278.56,0.178384083818838,0.1711036846264249,-0.2402338952749725
2019-03-01,280.49,0.1501460269070785,0.1500752226832491,0.6904597683487534
2019-03-04,279.41,0.8094460434363903,0.8963417167771144,-0.385783654031394
2019-03-05,279.06,0.2582634317574128,0.2595177136517071,-0.1253424698991936
2019-03-06,277.3,0.2939125692430129,0.3549190200101266,-0.6326859842328247
2019-03-07,275.08,0.4782766140711518,0.5271828400954203,-0.8037988170097065
2019-03-08,274.53,0.4507700029860236,0.4845578925567036,-0.2001419856238945
2019-03-11,278.5,0.1670708039510394,0.2079929350789712,1.4357514771942383
2019-03-12,279.44,0.1689117285839808,0.1446806588420466,0.3369541131237815
2019-03-13,281.34,0.1813844659105464,0.1711230940634289,0.677630183097339
2019-03-14,281.19,0.1386569076672409,0.1354307270844201,-0.0533304903045739
2019-03-15,281.35,0.1700505735926473,0.1410320277941059,0.056884845278396
2019-03-18,282.39,0.1702850469423205,0.1678780673034534,0.3689648347950357
2019-03-19,282.48,0.481833212759271,0.5377371918457504,0.0318657392892485
2019-03-20,281.53,0.6458868404916727,0.5066711339589717,-0.3368737782714605
2019-03-21,284.67,0.3840974972004886,0.4353328241510971,1.1091600816360525
2019-03-22,279.25,1.022230536405473,1.1250847075894592,-1.922317670446677
2019-03-25,279.04,0.9860546792358288,0.9666140836212446,-0.0752297228695258
2019-03-26,281.05,0.460333002843714,0.4566313341667785,0.7177448727469161
2019-03-27,279.72,0.5260805413695301,0.5237253318490649,-0.474348661241784
2019-03-28,280.78,0.2026417878903587,0.2539941869649593,0.3782341708138776
2019-03-29,282.61,0.1936804053840071,0.1809857473641478,0.6496410784738331
2019-04-01,285.9,0.0741753080498532,0.0868087955576571,1.1574243999722738
2019-04-02,285.98,0.1064194540661508,0.1143158078686761,0.0279778976435215
2019-04-03,286.52,0.1932738569745699,0.2056548497569597,0.1886463441549134
2019-04-04,287.21,0.1918010839312977,0.1633348691231,0.2405313763157465
2019-04-05,288.53,0.0709700183358516,0.0844255900498834,0.4585411167744765
2019-04-08,288.82,0.0855650345977655,0.0658517908128608,0.1004590021266349
2019-04-09,287.305,0.1446134808575894,0.1457963609449082,-0.525928745354423
2019-04-10,288.29,0.0855276733079436,0.091577314375482,0.3422548707027851
2019-04-11,288.23,0.1366859818867848,0.1468614241860259,-0.0208145425021245
2019-04-12,290.19,0.0822082926507865,0.0760308703450711,0.6777108335683883
2019-04-15,289.99,0.0663070865131195,0.0541515905275411,-0.0689441235210299
2019-04-16,290.18,0.0709646489005248,0.0613241529977988,0.0654980460184077
2019-04-17,289.47,0.257514033364055,0.2744051328710514,-0.2449755387136937
2019-04-18,290.02,0.1457753182719096,0.1457043945731755,0.1898221419346924
2019-04-22,290.32,0.0716807287178667,0.0685669676648429,0.1033876785065803
2019-04-23,292.85,0.0959345728391638,0.0855870828307858,0.867676963097639
2019-04-24,292.23,0.1127458603302299,0.0877073272994004,-0.2119369084817314
2019-04-25,292.08,0.1885171004359745,0.1633964803737313,-0.051342610359263
2019-04-26,293.44,0.1594927789096924,0.1687800109806742,0.4645451720718635
2019-04-29,293.79,0.0570868100096412,0.076553830814687,0.1192037332712912
2019-04-30,293.97,0.1922494001247063,0.1745623023288616,0.0612494915023995
2019-05-01,291.84,0.3619476388442688,0.3162266086588323,-0.7272014429870418
2019-05-02,291.26,0.3993532792613815,0.4441279596790833,-0.198936783153221
2019-05-03,294.03,0.090424513388109,0.0987083609634887,0.9465463894763791
2019-05-06,292.87,0.4795301957401863,0.3683689030434093,-0.3952978396717032
2019-05-07,288.03,1.0799561711242784,1.1535333147636502,-1.6664183174839036
2019-05-08,287.56,0.647162417289765,0.6751781077615974,-0.1633107261971225
2019-05-09,286.74,1.027648834792586,1.1533349544202869,-0.2855652297548934
2019-05-10,288.02,1.2144449053540738,1.1766817331583073,0.4454040351114643
2019-05-13,280.96,0.8798511706685881,0.9833791028925104,-2.4817611722484707
2019-05-14,283.33,0.3831196248302587,0.3302513834721015,0.8399985594413475
2019-05-15,285.07,0.4585685814882038,0.4597302075326688,0.6122468104383829
2019-05-16,287.64,0.3625243916143447,0.4260627926303464,0.8974934088744151
2019-05-17,285.9,0.7627853454063814,0.6053292076726529,-0.6067598906027226
2019-05-20,283.97,0.411416503158603,0.4789636111095887,-0.6773500549519909
2019-05-21,286.49,0.0888003843710284,0.0992951263171992,0.8835032752927288
2019-05-22,285.63,0.1885226331403671,0.1719022536799091,-0.3006364565963753
2019-05-23,282.27,0.4995838328078936,0.5061471840804509,-1.1833207278925786
2019-05-24,282.8,0.2101504116516653,0.2482413703375257,0.1875874335633926
2019-05-28,280.2,0.2919108592923898,0.2379368181877645,-0.9236300119511104
2019-05-29,278.34,0.6623218083644007,0.7086387787886809,-0.6660245911199372
2019-05-30,279.05,0.2844514049510568,0.331139097272542,0.2547589242735348
2019-05-31,275.37,0.2796464097403197,0.3262961221153641,-1.3275329335333312
2019-06-03,274.58,1.1660456438920426,1.409381594963787,-0.2872990429650485
2019-06-04,280.52,0.3808664804100264,0.4362448227775085,2.140236619925079
2019-06-05,282.9,0.3521121490708647,0.3688068620791645,0.8448454638811729
2019-06-06,284.75,0.2809922586128143,0.2677166731226092,0.6518124019770086
2019-06-07,287.63,0.3561833073293144,0.3079165491106405,1.0063329623340262
2019-06-10,288.94,0.1636364578975244,0.1897213933404638,0.4544122150603601
2019-06-11,288.89,0.245043873569357,0.2212557755189055,-0.017306128143157
2019-06-12,288.35,0.1428261834248932,0.1186361865169409,-0.1870972758381967
2019-06-13,289.65,0.2784793159503272,0.216271012938642,0.4498277481211455
2019-06-14,289.18,0.1707196055503752,0.2049464068264119,-0.162396594265285
2019-06-17,289.44,0.095856043202117,0.1127279451231074,0.0898690047004793
2019-06-18,292.3,0.2982294780234374,0.3332523125046809,0.9832650470215304
2019-06-19,293.06,0.1680097995147587,0.1855196805025434,0.2596694092678667
2019-06-20,295.84,0.3275206340407801,0.3563283061276805,0.9441401428935616
2019-06-21,294.08,0.2123357586021258,0.1299869178744677,-0.5966928471492504
2019-06-24,293.64,0.0745785618812789,0.0761451390686111,-0.1497311924741589
2019-06-25,290.79,0.3471463394096837,0.2384625912482321,-0.975317006995426
2019-06-26,290.47,0.1988035344196902,0.1686783690499375,-0.1101056437149228
2019-06-27,291.54,0.0789838956596217,0.0730617759485705,0.3676916910389564
2019-06-28,293.08,0.0945155376986788,0.0610802208075203,0.5268391645896453
2019-07-01,295.61,0.2415704087508632,0.2173709718074139,0.8595408709402572
2019-07-02,296.47,0.21100154682865,0.1509562227240844,0.2905014879080203
2019-07-03,298.76,0.047791520048682,0.0403271207892283,0.7694542608620037
2019-07-05,298.36,0.1923475148511791,0.1887735943806183,-0.133976440190339
2019-07-08,296.86,0.1127431172336319,0.1017480527670054,-0.5040163890343606
2019-07-09,297.26,0.0877315123197866,0.07929763902989,0.1346529524129867
2019-07-10,298.61,0.1725765538768355,0.1846360963874536,0.4531197441794899
2019-07-11,299.29,0.0974107786316849,0.0771178835141743,0.2274628844922865
2019-07-12,300.68,0.0401991517073115,0.0279741809835539,0.4633573301801643
2019-07-15,300.76,0.0636653678209548,0.0611214671538726,0.0266028200557982
2019-07-16,299.73,0.0968114924582383,0.1231583770697032,-0.3430535096789137
2019-07-17,297.76,0.1435508244467974,0.0934537693016093,-0.6594276519096393
2019-07-18,298.85,0.1603077884464616,0.218865962593928,0.3653982376322657
2019-07-19,297.12,0.2021303523030843,0.2173534409037012,-0.5805677665867617
2019-07-22,297.92,0.1413780728826316,0.1368466705733807,0.2688896484306618
2019-07-23,299.96,0.1393618426803576,0.1419183886157472,0.6824138344486314
2019-07-24,301.38,0.0882292383276069,0.0997059096765307,0.4722794556819869
2019-07-25,299.96,0.2041286331716318,0.1986980185660348,-0.4722794556819714
2019-07-26,301.99,0.0466817399463372,0.0330972358771631,0.6744771810665928
2019-07-29,301.48,0.0797992924121763,0.0986113634707191,-0.1690225268585337
2019-07-30,300.81,0.0719721211821374,0.0730519139589006,-0.2224842771325483
2019-07-31,297.38,0.7366395837094232,0.4774278803661716,-1.1468053934866522
2019-08-01,294.87,1.4342187362697538,1.3722758952816236,-0.8476201022429545
2019-08-02,292.76,0.8211027199243892,0.8037005610473656,-0.7181420513621398
2019-08-05,284.04,1.435736834668201,1.3473894005213116,-3.023808741913339
2019-08-06,287.78,1.039274936421414,0.9746330344856144,1.3081226021378418
2019-08-07,288.02,1.6795977274811575,1.5531489281909086,0.0833622833965023
2019-08-08,293.54,0.3060481074312376,0.2932494760664647,1.8983994013816208
2019-08-09,291.59,0.7923877920118318,0.7822162103327575,-0.6665210189399198
2019-08-12,288.1,0.4081493010648147,0.4420670913230624,-1.204106390317076
2019-08-13,292.43,2.018502867964381,2.0557368078237523,1.4917679701411328
2019-08-14,283.92,1.135504981251778,1.2969238220978143,-2.9532813453653164
2019-08-15,284.67,0.9700303956291044,0.9913367140964032,0.2638106315535748
2019-08-16,288.86,0.3136736670624953,0.3601173799325867,1.4611527019243888
2019-08-19,292.32,0.1022722045724809,0.0649578496909022,1.190695095667589
2019-08-20,290.05,0.4280154358995638,0.3402249177755713,-0.7795770717623169
2019-08-21,292.43,0.1256420645712931,0.1333126825334833,0.8171999879820894
2019-08-22,292.32,0.5684888309605244,0.5395873297307004,-0.0376229162197628
2019-08-23,284.82,2.968158562936146,2.076070825747328,-2.5991690838414865
2019-08-26,287.97,0.6787148564583299,0.5167467682988383,1.0998906252273624
2019-08-27,286.88,0.5461183131222361,0.5108217642875742,-0.3792298186732634
2019-08-28,288.84,0.3868258135126618,0.4263051621979971,0.6808891726157996
2019-08-29,292.56,0.2685439879536082,0.21564154969676,1.279687225814489
2019-08-30,292.47,0.3346863342846636,0.3313141792415724,-0.0307676531835882
2019-09-03,290.77,0.5921189193454236,0.4832006522446107,-0.5829520658047246
2019-09-04,293.96,0.0604798158696988,0.055881843506175,1.0911127009427726
2019-09-05,297.83,0.2120274643084692,0.2405169276841597,1.3079150266270452
2019-09-06,298.08,0.1424067508174661,0.1405609939035368,0.0839052926337411
2019-09-09,298.14,0.1543866424428922,0.133849914587278,0.0201267989005995
2019-09-10,298.2,0.3633192444656819,0.245671300352777,0.0201227488353835
2019-09-11,300.28,0.1174018223016042,0.1159213915190671,0.6950970374163427
2019-09-12,301.27,0.4132217623768342,0.2610881266231471,0.3291499937835627
2019-09-13,301.05,0.1397503421777877,0.1366418008499133,-0.0730508732180372
2019-09-16,300.16,0.1131600767632002,0.1128268786920452,-0.2960698092596897
2019-09-17,300.94,0.0770920768278042,0.0851769060822735,0.2595243512872004
2019-09-18,301.1,0.3030751232061003,0.2702388466157376,0.0531526156956158
2019-09-19,301.06,0.1588984048708289,0.1451815677404519,-0.013285505533031
2019-09-20,298.13,0.3597612766251208,0.1684074144196028,-0.977994744192244
2019-09-23,298.25,0.135829071539607,0.1378703592437873,0.0402427987590083
2019-09-24,295.81,1.0072914146248293,0.7808047086393054,-0.8214704646658432
2019-09-25,297.6,0.2250823476982825,0.2534494634909064,0.6032946627569724
2019-09-26,296.97,0.3382936774023197,0.3168333635679228,-0.211917935911106
2019-09-27,295.36,0.6884062953800624,0.5553174156134104,-0.5436172285338446
2019-09-30,296.83,0.0966465339918641,0.1015181650333049,0.4964633037800078
2019-10-01,293.22,0.8020871464367069,0.5489144723309969,-1.223640384216893
2019-10-02,288.04,0.7060207633318694,0.5835484022217752,-1.78238211294524
2019-10-03,290.37,2.2001227784641397,1.4545180584958324,0.8056612448440694
2019-10-04,294.37,0.2200908349826209,0.290677037276911,1.368150765932194
2019-10-07,293.09,0.4013607240546574,0.3156292918183115,-0.4357750402063746
2019-10-08,288.55,0.9357135809122532,0.9086858429619664,-1.5611347929389736
2019-10-09,291.23,0.2675091223558512,0.2220077729593791,0.9244951837177908
2019-10-10,293.24,0.5519380779194903,0.5662093908279716,0.6878053361232558
2019-10-11,296.26,0.5683233443638968,0.507852162846931,1.0246060798520125
2019-10-14,296.01,0.1677103583777658,0.1939933736271873,-0.0844209616721106
2019-10-15,298.89,0.1786409230704226,0.1990221648548497,0.9682375187689491
2019-10-16,298.41,0.1230000599291517,0.0970701004264599,-0.1607232892442232
2019-10-17,299.24,0.1116321678772512,0.1004187564263407,0.2777547171771894
2019-10-18,297.98,0.2520946769605682,0.1756838558156177,-0.4219556845010999
2019-10-21,300.04,0.0678613988944362,0.0704924900970065,0.688942894224249
2019-10-22,299.03,0.1263214726472636,0.1484640286384327,-0.3371896295752826
2019-10-23,299.86,0.1088213022304546,0.1223919952554962,0.2771796261074361
2019-10-24,300.4,0.1478037606200207,0.1595132114976304,0.1799220823222539
2019-10-25,301.64,0.1423113572802454,0.1067783302655491,0.4119333444466699
2019-10-28,303.35,0.0660236822355717,0.0415458238158745,0.5653001053860642
2019-10-29,303.22,0.1055986133498434,0.1093671121684966,-0.0428639734871296
2019-10-30,304.14,0.1968601294486252,0.2175680868053276,0.3029507058877212
2019-10-31,303.26,0.2447094188585756,0.2717371594377693,-0.2897598339519789
2019-11-01,306.18,0.110008415442631,0.1141421288809577,0.9582640931141956
2019-11-04,307.36,0.0583992528990279,0.073462923098,0.3846534716311385
2019-11-05,307.0,0.0742076651674619,0.0813788788857057,-0.1171951433049396
2019-11-06,307.14,0.13784872996442,0.1132647463593095,0.0455922110349738
2019-11-07,308.22,0.1714386518793238,0.147343765732984,0.3510144009684764
2019-11-08,308.95,0.1484869768607297,0.1209501278096266,0.2365637799756953
2019-11-11,308.39,0.0343404333337212,0.043582100244136,-0.1814235765059919
2019-11-12,308.94,0.095109668072647,0.1074814794684957,0.1781867544176484
2019-11-13,309.08,0.1373134460452214,0.1317343578593603,0.0453059779278095
2019-11-14,309.53,0.1247534701476847,0.1359218013791021,0.1454874894924967
2019-11-15,311.82,0.1012942821532733,0.0682472765275785,0.7371080288097475
2019-11-18,312.0,0.0522458060237816,0.0602029926912989,0.0577089561076865
2019-11-19,311.89,0.1489476907884895,0.1736214572720998,-0.0352626267899271
2019-11-20,310.8,0.3032178487052034,0.3104582122045771,-0.3500943048090636
2019-11-21,310.29,0.1589886978566062,0.1264914510998015,-0.1642274435670412
2019-11-22,310.98,0.06722497759978,0.0809740503365761,0.2221257371848181
2019-11-25,313.35,0.0586302782459859,0.0640485810607345,0.7592175241014403
2019-11-26,314.02,0.0337310232348263,0.0364059041241146,0.2135901476691008
2019-11-27,315.44,0.0315660494583218,0.0299109757480315,0.4511811421996231
2019-11-29,314.27,0.0431950594728019,0.0541301515514868,-0.3716000528319491
2019-12-02,311.6,0.3390395841688367,0.1931188157251559,-0.8532175044458952
2019-12-03,309.48,0.5074344610298045,0.7077293881782939,-0.6826844315339544
2019-12-04,311.47,0.0975207259418264,0.0930846004402474,0.6409555722127173
2019-12-05,312.04,0.1627515023076039,0.1858868638760264,0.1828359316731544
2019-12-06,314.82,0.0491929498535303,0.0472468537953117,0.886966220656282
2019-12-09,313.87,0.0763385372053958,0.0551588526635606,-0.3022159484211635
2019-12-10,313.55,0.1722492016875789,0.1976091864131054,-0.1020050453433818
2019-12-11,314.4,0.0805128770503555,0.0799292205254907,0.2707223566021499
2019-12-12,317.13,0.7298148276037475,0.5389353013147665,0.8645723893629884
2019-12-13,317.28,0.3513034486852646,0.3915766789510372,0.0472880322804336
2019-12-16,319.51,0.0454995121487725,0.0435326934412093,0.7003907460841621
2019-12-17,319.55,0.048182045250651,0.0364276438483172,0.0125183863963548
2019-12-18,319.57,0.0650293203047068,0.0531190103508845,0.0062586055847129
2019-12-19,320.91,0.0466919297629184,0.0367081907226019,0.4184367834011291
2019-12-20,320.95,0.0337895410693627,0.0375333861338174,0.0124637771637856
2019-12-23,321.23,0.0291909102382931,0.024578580223079,0.0872029704268445
2019-12-24,321.25,0.017655054287834,0.0189104331773999,0.0062258747374056
2019-12-26,322.91,0.0512220572495584,0.0407865937474561,0.5154010415612906
2019-12-27,322.86,0.1310784444711658,0.1507830257616116,-0.0154853895659203
2019-12-30,321.1,0.2690285734028381,0.2419282532789089,-0.5466191633915041
2019-12-31,321.89,0.1217640606817956,0.0938918883210862,0.2457271178443026
